hansen_rank,player_name,team,bye,pos_adp,adp,hansen_fpts_per_game
1,Jahmyr Gibbs,DET,6,RB1,1.5,23.1
2,Bijan Robinson,ATL,11,RB2,2.8,21.9
3,Ja'Marr Chase,CIN,6,WR1,3.5,18.9
4,Puka Nacua,LAR,11,WR2,4.9,18.8
5,Jonathan Taylor,IND,13,RB4,7.2,20.6
6,Amon-Ra St. Brown,DET,6,WR4,8.6,18.1
7,Jaxon Smith-Njigba,SEA,11,WR3,6.9,16.8
8,CeeDee Lamb,DAL,14,WR5,8.9,16.9
9,James Cook III,BUF,7,RB5,10.5,18.1
10,Brock Bowers,LV,13,TE2,22.9,14.4
11,Justin Jefferson,MIN,6,WR6,11.2,15.6
12,Saquon Barkley,PHI,10,RB7,13.8,16.9
13,Omarion Hampton,LAC,7,RB9,15.4,17.0
14,De'Von Achane,MIA,6,RB6,12.6,17.1
15,Christian McCaffrey,SF,8,RB3,5.5,17.0
16,Derrick Henry,BAL,13,RB12,20.9,15.3
17,Chase Brown,CIN,6,RB10,17.0,16.4
18,A.J. Brown,NE,11,WR8,17.4,14.9
19,Stefon Diggs,WAS,7,WR47,115.2,10.9
20,Ashton Jeanty,LV,13,RB8,14.3,16.0
21,Kenneth Walker,KC,5,RB11,19.3,15.1
22,Javonte Williams,DAL,14,RB17,35.3,14.9
23,Nico Collins,HOU,8,WR10,25.8,14.9
24,George Pickens,DAL,14,WR9,24.2,14.8
25,Tee Higgins,CIN,6,WR14,34.5,14.5
26,Rashee Rice,KC,5,WR11,26.8,14.8
27,Drake London,ATL,11,WR7,16.3,14.8
28,Malik Nabers,NYG,8,WR12,28.6,14.6
29,Chris Olave,NO,8,WR13,30.9,14.7
30,Trey McBride,ARI,14,TE1,21.3,14.4
31,Kyren Williams,LAR,11,RB14,29.4,14.6
32,Josh Allen,BUF,7,QB1,23.1,22.8
33,Zay Flowers,BAL,13,WR19,42.1,14.3
34,DeVonta Smith,PHI,10,WR16,37.8,14.2
35,Tetairoa McMillan,CAR,5,WR15,35.4,13.9
36,David Montgomery,HOU,8,RB21,49.7,14.4
37,Breece Hall,NYJ,13,RB16,33.2,14.5
38,D'Andre Swift,CHI,10,RB24,55.2,14.3
39,Cam Skattebo,NYG,8,RB19,43.1,14.4
40,Josh Jacobs,GB,11,RB15,31.8,14.3
41,Jeremiyah Love,ARI,14,RB13,26.1,14.4
42,Colston Loveland,CHI,10,TE3,41.4,12.6
43,Tyler Warren,IND,13,TE4,46.3,12.7
44,Bucky Irving,TB,10,RB18,40.4,13.7
45,Travis Etienne Jr.,NO,8,RB20,44.2,13.8
46,Christian Watson,GB,11,WR30,70.1,13.4
47,Jameson Williams,DET,6,WR26,58.1,13.3
48,Ladd McConkey,LAC,7,WR17,38.6,13.5
49,Terry McLaurin,WAS,7,WR24,56.5,13.3
50,DJ Moore,BUF,7,WR25,57.8,13.3
51,Emeka Egbuka,TB,10,WR18,39.7,13.2
52,Drake Maye,NE,11,QB3,48.5,20.3
53,Lamar Jackson,BAL,13,QB2,32.0,19.5
54,Rome Odunze,CHI,10,WR29,66.9,13.0
55,Garrett Wilson,NYJ,13,WR20,44.5,13.5
56,Sam LaPorta,DET,6,TE5,59.0,11.3
57,Tucker Kraft,GB,11,TE6,65.6,11.2
58,Quinshon Judkins,CLE,11,RB22,53.9,13.2
59,Jadarian Price,SEA,11,RB26,68.0,13.3
60,Joe Burrow,CIN,6,QB4,52.6,19.4
61,Jayden Daniels,WAS,7,QB6,62.1,19.2
62,Mike Evans,SF,8,WR27,60.5,12.4
63,Parker Washington,JAX,7,WR34,76.4,12.5
64,Jaylen Waddle,DEN,10,WR21,47.6,12.6
65,Davante Adams,LAR,11,WR22,50.0,12.5
66,Brian Thomas Jr.,JAX,7,WR31,71.2,12.4
67,Luther Burden III,CHI,10,WR23,51.0,12.9
68,Kyle Pitts Sr.,ATL,11,TE8,69.1,11.1
69,Harold Fannin Jr.,CLE,11,TE7,67.2,11.3
70,George Kittle,SF,8,TE10,91.1,10.8
71,Rico Dowdle,PIT,9,RB32,88.2,13.1
72,Bhayshul Tuten,JAX,7,RB25,62.9,13.1
73,TreVeyon Henderson,NE,11,RB23,53.9,13.1
74,Rhamondre Stevenson,NE,11,RB30,83.1,13.3
75,Chuba Hubbard,CAR,5,RB28,77.0,12.6
76,Trevor Lawrence,JAX,7,QB12,98.0,19.1
77,Justin Herbert,LAC,7,QB9,82.7,19.0
78,Jalen Hurts,PHI,10,QB5,61.7,19.0
79,Dak Prescott,DAL,14,QB8,80.1,19.0
80,Caleb Williams,CHI,10,QB7,71.3,18.8
81,Tony Pollard,TEN,9,RB31,87.9,11.5
82,Jonathon Brooks,CAR,5,RB38,114.7,10.7
83,Blake Corum,LAR,11,RB35,103.5,10.0
84,Alec Pierce,IND,13,WR40,101.1,12.0
85,Jakobi Meyers,JAX,7,WR43,106.7,12.2
86,Marvin Harrison Jr.,ARI,14,WR33,75.0,11.9
87,De'Zhaun Stribling,SF,8,WR57,155.5,11.9
88,DK Metcalf,PIT,9,WR32,74.0,11.9
89,Michael Pittman Jr.,PIT,9,WR41,102.9,12.3
90,Chris Godwin Jr.,TB,10,WR39,95.3,11.9
91,Travis Kelce,KC,5,TE11,93.0,10.9
92,Dalton Kincaid,BUF,7,TE9,89.8,10.4
93,Jake Ferguson,DAL,14,TE12,100.4,10.5
94,Jordan Mason,MIN,6,RB39,116.5,10.0
95,Jacory Croskey-Merritt,WAS,7,RB37,113.0,10.0
96,Jaylen Warren,PIT,9,RB27,73.7,10.2
97,Kyle Monangai,CHI,10,RB34,97.0,9.3
98,Josh Downs,IND,13,WR45,109.6,11.9
99,Carnell Tate,TEN,9,WR28,64.5,11.8
100,Courtland Sutton,DEN,10,WR35,79.1,11.5
101,Michael Wilson,ARI,14,WR37,84.3,11.6
102,Makai Lemon,PHI,10,WR38,86.7,11.5
103,Jordan Addison,MIN,6,WR42,104.4,11.4
104,Jayden Reed,GB,11,WR48,116.2,11.3
105,J.K. Dobbins,DEN,10,RB33,92.3,9.3
106,RJ Harvey,DEN,10,RB29,78.9,9.7
107,Kenny Gainwell,TB,10,RB36,112.4,10.0
108,Xavier Worthy,KC,5,WR54,139.6,11.0
109,Mark Andrews,BAL,13,TE16,129.7,10.3
110,Dallas Goedert,PHI,10,TE15,124.1,10.2
111,Aaron Jones Sr.,MIN,6,RB40,123.1,9.4
112,Brock Purdy,SF,8,QB15,121.6,18.4
113,Bo Nix,DEN,10,QB14,120.4,17.9
114,Matthew Stafford,LAR,11,QB11,96.8,17.8
115,Patrick Mahomes,KC,5,QB13,107.6,17.7
116,Rachaad White,WAS,7,RB41,130.8,9.2
117,Matthew Golden,GB,11,WR50,128.1,10.6
118,Wan'Dale Robinson,TEN,9,WR46,110.9,11.3
119,Jalen Coker,CAR,5,WR55,143.2,10.8
120,Brenton Strange,JAX,7,TE19,151.4,10.1
121,KC Concepcion,CLE,11,WR49,125.2,10.7
122,Quentin Johnston,LAC,7,WR44,108.0,10.4
123,Jordyn Tyson,NO,8,WR36,80.4,10.4
124,Kyler Murray,MIN,6,QB19,159.1,17.7
125,Jaxson Dart,NYG,8,QB10,85.7,17.6
126,Chris Rodriguez Jr.,JAX,7,RB42,141.0,8.0
127,Tyler Allgeier,ARI,14,RB44,145.3,7.3
128,Jonah Coleman,DEN,10,RB50,168.0,7.6
129,Deebo Samuel Sr.,SF,8,WR52,137.3,10.3
130,Juwan Johnson,NO,8,TE23,188.7,9.4
131,Oronde Gadsden,LAC,7,TE14,122.2,9.1
132,Isaiah Likely,NYG,8,TE13,111.4,9.3
133,Hunter Henry,NE,11,TE17,134.1,9.3
134,Dalton Schultz,HOU,8,TE24,192.3,9.3
135,Mike Washington Jr.,LV,13,RB57,202.9,7.4
136,Woody Marks,HOU,8,RB48,166.2,7.4
137,Malik Willis,MIA,6,QB23,191.4,17.6
138,Jordan Love,GB,11,QB18,148.7,17.5
139,Tyler Shough,NO,8,QB20,169.4,17.5
140,Baker Mayfield,TB,10,QB17,140.4,17.5
141,Jared Goff,DET,6,QB16,133.4,17.5
142,Zach Charbonnet,SEA,11,RB43,142.6,6.6
143,MarShawn Lloyd,GB,11,RB56,197.3,6.9
144,Denzel Boston,CLE,11,WR59,163.7,9.7
145,Romeo Doubs,NE,11,WR51,131.4,10.0
146,Jalen Nailor,LV,13,WR64,182.1,9.9
147,Tre Tucker,LV,13,WR71,203.9,10.0
148,Jerry Jeudy,CLE,11,WR66,190.8,9.6
149,T.J. Hockenson,MIN,6,TE20,164.7,9.0
150,Terrance Ferguson,LAR,11,TE26,209.1,8.6
151,AJ Barner,SEA,11,TE22,185.6,8.7
152,Greg Dulcich,MIA,6,TE28,229.7,8.6
153,Khalil Shakir,BUF,7,WR53,138.7,9.7
154,Jaylin Noel,HOU,8,WR73,213.7,9.4
155,Jalen McMillan,TB,10,WR67,193.6,9.2
156,Omar Cooper Jr.,NYJ,13,WR62,173.8,9.3
157,Tyjae Spears,TEN,9,RB49,167.0,6.8
158,Emmett Johnson,KC,5,RB55,194.8,6.4
159,Jaydon Blue,DAL,14,RB67,233.8,6.5
160,Daniel Jones,IND,13,QB25,205.6,16.9
161,C.J. Stroud,HOU,8,QB24,204.1,16.8
162,Sam Darnold,SEA,11,QB21,176.9,16.5
163,Keaton Mitchell,LAC,7,RB52,179.5,6.1
164,Jauan Jennings,MIN,6,WR68,195.2,9.2
165,Cooper Kupp,SEA,11,WR80,224.0,9.1
166,Dontayvion Wicks,PHI,10,WR313,999.0,8.8
167,Calvin Ridley,TEN,9,WR105,253.2,8.5
168,Zachariah Branch,ATL,11,WR65,188.3,8.7
169,Adonai Mitchell,NYJ,13,WR90,237.8,8.6
170,Ryan Flournoy,DAL,14,WR88,234.0,8.3
171,Devaughn Vele,NO,8,WR94,239.8,8.5
172,Keenan Allen,IND,13,WR75,217.3,8.6
173,Bryce Young,CAR,5,QB30,230.4,15.9
174,Cam Ward,TEN,9,QB26,211.5,15.8
175,Brian Robinson,ATL,11,RB45,152.1,6.0
176,Kaelon Black,SF,8,RB158,999.0,5.7
177,Tank Bigsby,PHI,10,RB51,179.1,5.7
178,Isiah Pacheco,DET,6,RB53,186.1,5.9
179,Tyrone Tracy Jr.,NYG,8,RB47,162.0,6.1
180,Alvin Kamara,NO,8,RB46,160.9,6.0
181,James Conner,ARI,14,RB61,215.6,5.7
182,Dylan Sampson,CLE,11,RB54,187.6,6.1
183,Ja'Kobi Lane,BAL,13,WR58,158.0,8.0
184,Caleb Douglas,MIA,6,WR76,218.1,8.1
185,Kayshon Boutte,NE,11,WR91,238.0,7.8
186,Malachi Fields,NYG,8,WR79,223.2,7.6
187,Rashod Bateman,BAL,13,WR87,232.7,7.5
188,Chig Okonkwo,WAS,7,TE21,183.5,8.6
189,Kenyon Sadiq,NYJ,13,TE18,149.6,8.3
190,Pat Freiermuth,PIT,9,TE32,239.9,8.0
191,Gunnar Helm,TEN,9,TE30,235.5,7.8
192,Cade Otton,TB,10,TE31,236.3,7.8
193,Kalif Raymond,CHI,10,WR332,999.0,7.7
194,Rashid Shaheed,SEA,11,WR56,146.5,7.7
195,Antonio Williams,WAS,7,WR74,216.0,7.5
196,Justice Hill,BAL,13,RB173,999.0,6.0
197,LeQuint Allen Jr.,JAX,7,RB192,999.0,5.7
198,Aaron Rodgers,PIT,9,QB29,228.8,15.5
199,Geno Smith,NYJ,13,QB108,999.0,15.1
200,Greg Dortch,DET,6,WR330,999.0,7.5
