fp_pos_rank_num,fp_pos_rank,player_name,position,team,bye,pos_adp,fp_adp,fp_proj_pts_half_ppr
1,QB1,Josh Allen,QB,BUF,7,QB1,22.5,335.9
2,QB2,Lamar Jackson,QB,BLT,13,QB2,32.3,312.2
3,QB3,Jayden Daniels,QB,WAS,7,QB6,64.4,309.0
4,QB4,Drake Maye,QB,NE,11,QB3,47.4,306.0
5,QB5,Jalen Hurts,QB,PHI,10,QB5,61.1,303.4
6,QB6,Joe Burrow,QB,CIN,6,QB4,51.5,295.7
7,QB7,Dak Prescott,QB,DAL,14,QB8,77.8,295.5
8,QB8,Trevor Lawrence,QB,JAX,7,QB12,100.8,282.3
9,QB9,Justin Herbert,QB,LAC,7,QB9,82.7,280.6
10,QB10,Brock Purdy,QB,SF,8,QB15,121.3,278.9
11,QB11,Jaxson Dart,QB,NYG,8,QB10,89.1,273.7
12,QB12,Caleb Williams,QB,CHI,10,QB7,71.7,272.9
13,QB13,Matthew Stafford,QB,LA,11,QB11,95.7,271.6
14,QB14,Bo Nix,QB,DEN,10,QB14,120.0,270.8
15,QB15,Patrick Mahomes,QB,KC,5,QB13,106.6,269.9
16,QB16,Malik Willis,QB,MIA,6,QB23,194.2,265.7
17,QB17,Tyler Shough,QB,NO,8,QB20,170.9,264.9
18,QB18,Jared Goff,QB,DET,6,QB16,133.7,262.4
19,QB19,Kyler Murray,QB,MIN,6,QB19,159.7,259.6
20,QB20,Jordan Love,QB,GB,11,QB18,147.5,255.3
21,QB21,Baker Mayfield,QB,TB,10,QB17,141.7,251.4
22,QB22,Sam Darnold,QB,SEA,11,QB21,177.1,247.2
23,QB23,C.J. Stroud,QB,HST,8,QB24,203.9,246.8
24,QB24,Daniel Jones,QB,IND,13,QB25,205.8,240.4
25,QB25,Jacoby Brissett,QB,ARZ,14,QB34,243.0,230.3
26,QB26,Geno Smith,QB,NYJ,13,QB109,999.0,222.9
27,QB27,Bryce Young,QB,CAR,5,QB28,227.1,213.2
28,QB28,Aaron Rodgers,QB,PIT,9,QB30,228.8,212.3
29,QB29,Cam Ward,QB,TEN,9,QB26,213.7,209.8
30,QB30,Deshaun Watson,QB,CLV,11,QB114,999.0,193.9
31,QB31,Fernando Mendoza,QB,LV,13,QB22,181.1,155.1
32,QB32,Tua Tagovailoa,QB,ATL,11,QB32,236.5,127.3
33,QB33,Michael Penix Jr.,QB,ATL,11,QB29,227.9,118.5
34,QB34,Kirk Cousins,QB,LV,13,QB94,999.0,111.7
35,QB35,J.J. McCarthy,QB,MIN,6,QB27,224.2,47.5
36,QB36,Shedeur Sanders,QB,CLV,11,QB31,236.1,41.1
37,QB37,Jameis Winston,QB,NYG,8,QB98,999.0,40.3
38,QB38,Carson Beck,QB,ARZ,14,QB99,999.0,37.9
39,QB39,Marcus Mariota,QB,WAS,7,QB97,999.0,36.2
40,QB40,Justin Fields,QB,KC,5,QB92,999.0,34.6
41,QB41,Tyson Bagent,QB,CHI,10,QB130,999.0,33.3
42,QB42,Tanner McKee,QB,PHI,10,QB75,999.0,33.3
43,QB43,Josh Johnson,QB,CIN,6,QB42,544.0,32.7
44,QB44,Joe Milton III,QB,DAL,14,QB80,999.0,32.5
45,QB45,Mac Jones,QB,SF,8,QB112,999.0,31.9
1,RB1,Jahmyr Gibbs,RB,DET,6,RB1,1.0,314.8
2,RB2,Bijan Robinson,RB,ATL,11,RB2,2.1,304.3
3,RB3,Jonathan Taylor,RB,IND,13,RB4,7.0,287.6
4,RB4,Christian McCaffrey,RB,SF,8,RB3,5.6,263.2
5,RB5,James Cook,RB,BUF,7,RB5,10.8,256.6
6,RB6,Saquon Barkley,RB,PHI,10,RB7,13.4,247.3
7,RB7,De'Von Achane,RB,MIA,6,RB6,11.5,243.0
8,RB8,Derrick Henry,RB,BLT,13,RB12,20.8,235.9
9,RB9,Kenneth Walker III,RB,KC,5,RB11,19.7,224.6
10,RB10,Josh Jacobs,RB,GB,11,RB15,31.8,213.0
11,RB11,Chase Brown,RB,CIN,6,RB10,16.0,211.2
12,RB12,Breece Hall,RB,NYJ,13,RB16,33.7,209.8
13,RB13,Javonte Williams,RB,DAL,14,RB17,35.2,203.3
14,RB14,David Montgomery,RB,HST,8,RB21,49.8,202.7
15,RB15,Kyren Williams,RB,LA,11,RB14,29.1,202.4
16,RB16,Omarion Hampton,RB,LAC,7,RB9,15.9,201.3
17,RB17,Ashton Jeanty,RB,LV,13,RB8,14.8,199.0
18,RB18,Bucky Irving,RB,TB,10,RB18,41.0,189.4
19,RB19,Quinshon Judkins,RB,CLV,11,RB22,53.2,189.2
20,RB20,Bhayshul Tuten,RB,JAX,7,RB25,62.7,188.0
21,RB21,D'Andre Swift,RB,CHI,10,RB24,55.6,187.0
22,RB22,Jeremiyah Love,RB,ARZ,14,RB13,26.2,185.5
23,RB23,Rhamondre Stevenson,RB,NE,11,RB30,81.0,181.7
24,RB24,Travis Etienne,RB,NO,8,RB20,44.7,181.3
25,RB25,Cam Skattebo,RB,NYG,8,RB19,43.0,164.5
26,RB26,Jaylen Warren,RB,PIT,9,RB27,73.0,164.4
27,RB27,Tony Pollard,RB,TEN,9,RB31,83.5,162.8
28,RB28,TreVeyon Henderson,RB,NE,11,RB23,53.2,158.0
29,RB29,Rico Dowdle,RB,PIT,9,RB32,85.8,156.1
30,RB30,Jadarian Price,RB,SEA,11,RB26,67.6,155.0
31,RB31,Chuba Hubbard,RB,CAR,5,RB28,77.9,151.9
32,RB32,Kenny Gainwell,RB,TB,10,RB37,112.0,146.8
33,RB33,Aaron Jones,RB,MIN,6,RB40,124.9,145.8
34,RB34,Blake Corum,RB,LA,11,RB35,103.0,133.7
35,RB35,Kyle Monangai,RB,CHI,10,RB34,99.1,129.7
36,RB36,Jonathon Brooks,RB,CAR,5,RB36,110.6,129.1
37,RB37,RJ Harvey,RB,DEN,10,RB29,79.5,127.2
38,RB38,Rachaad White,RB,WAS,7,RB41,131.6,121.7
39,RB39,Isiah Pacheco,RB,DET,6,RB54,185.1,113.7
40,RB40,Tyjae Spears,RB,TEN,9,RB49,167.2,110.2
41,RB41,J.K. Dobbins,RB,DEN,10,RB33,94.5,107.9
42,RB42,Jacory Croskey-Merritt,RB,WAS,7,RB38,113.1,105.3
43,RB43,Keaton Mitchell,RB,LAC,7,RB53,182.0,101.6
44,RB44,Justice Hill,RB,BLT,13,RB159,999.0,96.7
45,RB45,Dylan Sampson,RB,CLV,11,RB55,190.3,93.4
46,RB46,Ty Johnson,RB,BUF,7,RB157,999.0,90.9
47,RB47,Tyler Allgeier,RB,ARZ,14,RB44,145.7,85.1
48,RB48,Samaje Perine,RB,CIN,6,RB132,999.0,84.4
49,RB49,Brian Robinson,RB,ATL,11,RB45,153.4,83.5
50,RB50,Zach Charbonnet,RB,SEA,11,RB43,143.3,81.7
51,RB51,Mike Washington Jr.,RB,LV,13,RB51,173.7,80.0
52,RB52,Woody Marks,RB,HST,8,RB48,163.1,79.9
53,RB53,Jaydon Blue,RB,DAL,14,RB67,231.8,76.0
54,RB54,Chris Rodriguez Jr.,RB,JAX,7,RB42,142.1,72.4
55,RB55,Jonah Coleman,RB,DEN,10,RB50,167.9,69.8
56,RB56,Jordan Mason,RB,MIN,6,RB39,117.4,68.4
57,RB57,MarShawn Lloyd,RB,GB,11,RB57,199.3,67.0
58,RB58,Alvin Kamara,RB,NO,8,RB46,160.7,66.9
59,RB59,Tyrone Tracy Jr.,RB,NYG,8,RB47,161.3,64.5
60,RB60,Emmett Johnson,RB,KC,5,RB56,195.5,63.9
61,RB61,Isaiah Davis,RB,NYJ,13,RB204,999.0,60.5
62,RB62,Demond Claiborne,RB,MIN,6,RB72,242.0,59.7
63,RB63,Najee Harris,RB,NYG,8,RB63,221.4,57.1
64,RB64,Jaylen Wright,RB,MIA,6,RB74,247.9,55.9
65,RB65,LeQuint Allen Jr.,RB,JAX,7,RB179,999.0,55.9
66,RB66,Kaytron Allen,RB,WAS,7,RB69,239.1,54.2
67,RB67,George Holani,RB,SEA,11,RB135,999.0,54.0
68,RB68,Chris Brooks,RB,GB,11,RB209,999.0,52.0
69,RB69,Tank Bigsby,RB,PHI,10,RB52,179.3,48.3
70,RB70,Ollie Gordon II,RB,MIA,6,RB166,999.0,47.1
71,RB71,Ray Davis,RB,BUF,7,RB66,229.5,46.2
72,RB72,Brashard Smith,RB,KC,5,RB65,226.3,46.2
73,RB73,Seth McGowan,RB,IND,13,RB196,999.0,43.8
74,RB74,Braelon Allen,RB,NYJ,13,RB58,208.6,43.6
75,RB75,Jordan James,RB,SF,8,RB194,999.0,40.7
76,RB76,Kaelon Black,RB,SF,8,RB199,999.0,39.4
77,RB77,James Conner,RB,ARZ,14,RB61,215.2,39.2
78,RB78,Tahj Brooks,RB,CIN,6,RB177,999.0,37.3
79,RB79,DJ Giddens,RB,IND,13,RB188,999.0,37.0
80,RB80,Nicholas Singleton,RB,TEN,9,RB59,209.5,35.6
81,RB81,Emanuel Wilson,RB,SEA,11,RB75,250.3,35.2
82,RB82,Trevor Etienne,RB,CAR,5,RB181,999.0,33.2
83,RB83,Kyle Juszczyk,RB,SF,8,,1655.0,32.7
84,RB84,Kimani Vidal,RB,LAC,7,RB71,241.0,30.6
85,RB85,Devin Singletary,RB,NYG,8,RB153,999.0,29.6
86,RB86,Will Shipley,RB,PHI,10,RB214,999.0,29.3
87,RB87,Sean Tucker,RB,TB,10,RB73,243.9,27.3
88,RB88,Kendre Miller,RB,NO,8,RB64,224.8,26.8
89,RB89,Jawhar Jordan,RB,HST,8,RB147,999.0,25.6
90,RB90,Zavier Scott,RB,MIN,6,RB125,693.0,25.5
1,WR1,Puka Nacua,WR,LA,11,WR2,4.9,259.3
2,WR2,Ja'Marr Chase,WR,CIN,6,WR1,3.9,234.0
3,WR3,Jaxon Smith-Njigba,WR,SEA,11,WR3,6.0,229.4
4,WR4,Amon-Ra St. Brown,WR,DET,6,WR4,8.8,219.6
5,WR5,CeeDee Lamb,WR,DAL,14,WR5,9.5,208.1
6,WR6,Justin Jefferson,WR,MIN,6,WR6,11.3,207.1
7,WR7,Drake London,WR,ATL,11,WR8,17.7,190.7
8,WR8,Rashee Rice,WR,KC,5,WR11,27.0,186.8
9,WR9,Chris Olave,WR,NO,8,WR13,29.2,184.9
10,WR10,Nico Collins,WR,HST,8,WR10,25.5,184.7
11,WR11,A.J. Brown,WR,NE,11,WR7,17.4,182.4
12,WR12,Tee Higgins,WR,CIN,6,WR14,34.2,182.3
13,WR13,George Pickens,WR,DAL,14,WR9,24.0,179.9
14,WR14,Zay Flowers,WR,BLT,13,WR19,41.9,175.7
15,WR15,Garrett Wilson,WR,NYJ,13,WR20,45.5,175.6
16,WR16,DeVonta Smith,WR,PHI,10,WR16,37.0,172.3
17,WR17,Davante Adams,WR,LA,11,WR22,50.9,171.1
18,WR18,Ladd McConkey,WR,LAC,7,WR17,38.5,169.3
19,WR19,Malik Nabers,WR,NYG,8,WR12,28.6,167.6
20,WR20,Jameson Williams,WR,DET,6,WR26,58.5,167.2
21,WR21,Mike Evans,WR,SF,8,WR27,60.0,161.9
22,WR22,Terry McLaurin,WR,WAS,7,WR24,56.5,160.7
23,WR23,Emeka Egbuka,WR,TB,10,WR18,39.2,160.3
24,WR24,Christian Watson,WR,GB,11,WR30,70.0,158.5
25,WR25,Jaylen Waddle,WR,DEN,10,WR21,46.9,155.7
26,WR26,Tetairoa McMillan,WR,CAR,5,WR15,35.2,154.9
27,WR27,Parker Washington,WR,JAX,7,WR34,76.0,152.9
28,WR28,Rome Odunze,WR,CHI,10,WR29,65.6,151.4
29,WR29,DJ Moore,WR,BUF,7,WR25,57.0,150.1
30,WR30,Brian Thomas Jr.,WR,JAX,7,WR31,71.2,149.6
31,WR31,Luther Burden III,WR,CHI,10,WR23,52.4,148.8
32,WR32,DK Metcalf,WR,PIT,9,WR32,74.9,148.1
33,WR33,Quentin Johnston,WR,LAC,7,WR45,111.1,148.0
34,WR34,Courtland Sutton,WR,DEN,10,WR35,80.9,145.4
35,WR35,Jakobi Meyers,WR,JAX,7,WR44,109.0,145.3
36,WR36,Stefon Diggs,WR,WAS,7,WR46,113.6,144.8
37,WR37,Michael Pittman,WR,PIT,9,WR41,101.6,142.6
38,WR38,Jordan Addison,WR,MIN,6,WR42,104.3,134.9
39,WR39,Carnell Tate,WR,TEN,9,WR28,65.3,134.8
40,WR40,Jayden Reed,WR,GB,11,WR48,116.5,133.4
41,WR41,Romeo Doubs,WR,NE,11,WR51,131.6,129.0
42,WR42,Chris Godwin Jr.,WR,TB,10,WR39,95.2,126.5
43,WR43,Marvin Harrison Jr.,WR,ARZ,14,WR33,75.2,125.4
44,WR44,Cooper Kupp,WR,SEA,11,WR78,223.9,121.6
45,WR45,Deebo Samuel Sr.,WR,SF,8,WR52,137.4,121.5
46,WR46,Josh Downs,WR,IND,13,WR43,107.0,120.2
47,WR47,Xavier Worthy,WR,KC,5,WR54,140.2,119.1
48,WR48,Michael Wilson,WR,ARZ,14,WR36,83.7,117.9
49,WR49,Matthew Golden,WR,GB,11,WR50,128.7,115.3
50,WR50,Alec Pierce,WR,IND,13,WR40,101.2,111.9
51,WR51,Jalen Coker,WR,CAR,5,WR55,143.3,111.1
52,WR52,Makai Lemon,WR,PHI,10,WR38,87.3,109.2
53,WR53,Tre Tucker,WR,LV,13,WR71,203.7,108.9
54,WR54,Khalil Shakir,WR,BUF,7,WR53,139.5,108.9
55,WR55,Jalen McMillan,WR,TB,10,WR72,209.7,107.9
56,WR56,Dontayvion Wicks,WR,PHI,10,WR313,999.0,107.8
57,WR57,Ryan Flournoy,WR,DAL,14,WR87,233.0,107.7
58,WR58,Keenan Allen,WR,IND,13,WR69,197.3,107.3
59,WR59,Jalen Nailor,WR,LV,13,WR64,184.9,105.6
60,WR60,Wan'Dale Robinson,WR,TEN,9,WR47,115.0,105.6
61,WR61,Rashid Shaheed,WR,SEA,11,WR56,146.7,102.1
62,WR62,Jerry Jeudy,WR,CLV,11,WR67,191.2,101.5
63,WR63,Adonai Mitchell,WR,NYJ,13,WR89,235.5,95.7
64,WR64,KC Concepcion,WR,CLV,11,WR49,122.2,95.7
65,WR65,Rashod Bateman,WR,BLT,13,WR86,232.7,93.6
66,WR66,Jauan Jennings,WR,MIN,6,WR68,196.2,92.6
67,WR67,Caleb Douglas,WR,MIA,6,WR75,218.6,91.6
68,WR68,Calvin Ridley,WR,TEN,9,WR105,253.2,90.9
69,WR69,Devaughn Vele,WR,NO,8,WR94,239.8,89.9
70,WR70,KaVontae Turpin,WR,DAL,14,WR312,999.0,86.7
71,WR71,Denzel Boston,WR,CLV,11,WR59,165.2,86.5
72,WR72,Kayshon Boutte,WR,HST,8,WR93,239.8,86.4
73,WR73,Jordyn Tyson,WR,NO,8,WR37,86.8,84.0
74,WR74,Jaylin Noel,WR,HST,8,WR74,213.7,83.5
75,WR75,Tre Harris,WR,LAC,7,WR84,230.6,81.3
76,WR76,Malik Washington,WR,MIA,6,WR70,200.5,80.7
77,WR77,Marvin Mims Jr.,WR,DEN,10,WR76,219.5,80.6
78,WR78,De'Zhaun Stribling,WR,SF,8,WR57,155.0,79.3
79,WR79,Omar Cooper Jr.,WR,NYJ,13,WR65,188.8,79.3
80,WR80,Malachi Fields,WR,NYG,8,WR79,226.4,76.0
81,WR81,Kendrick Bourne,WR,ARZ,14,WR332,999.0,75.6
82,WR82,Tank Dell,WR,HST,8,WR63,176.1,73.3
83,WR83,Pat Bryant,WR,DEN,10,,1180.0,73.1
84,WR84,Ja'Kobi Lane,WR,BLT,13,WR58,157.9,70.8
85,WR85,Xavier Legette,WR,CAR,5,,1200.0,70.8
86,WR86,Tyquan Thornton,WR,KC,5,WR319,999.0,69.2
87,WR87,Germie Bernard,WR,PIT,9,WR85,232.3,68.6
88,WR88,Isaac TeSlaa,WR,DET,6,WR73,212.3,67.0
89,WR89,Jahan Dotson,WR,ATL,11,WR299,999.0,65.8
90,WR90,Keon Coleman,WR,BUF,7,WR88,234.8,63.9
1,TE1,Brock Bowers,TE,LV,13,TE2,23.0,173.1
2,TE2,Trey McBride,TE,ARZ,14,TE1,21.6,156.3
3,TE3,Colston Loveland,TE,CHI,10,TE3,40.8,149.4
4,TE4,Tyler Warren,TE,IND,13,TE4,47.9,147.8
5,TE5,Kyle Pitts,TE,ATL,11,TE8,69.5,132.5
6,TE6,Sam LaPorta,TE,DET,6,TE5,59.6,131.9
7,TE7,Travis Kelce,TE,KC,5,TE11,92.1,127.3
8,TE8,Dallas Goedert,TE,PHI,10,TE14,123.5,125.6
9,TE9,Harold Fannin Jr.,TE,CLV,11,TE7,68.8,125.4
10,TE10,Jake Ferguson,TE,DAL,14,TE12,98.1,124.4
11,TE11,George Kittle,TE,SF,8,TE10,91.5,124.1
12,TE12,Tucker Kraft,TE,GB,11,TE6,63.4,124.0
13,TE13,Mark Andrews,TE,BLT,13,TE16,129.6,122.8
14,TE14,Juwan Johnson,TE,NO,8,TE23,189.1,118.6
15,TE15,Brenton Strange,TE,JAX,7,TE19,151.6,116.7
16,TE16,Dalton Schultz,TE,HST,8,TE24,193.0,107.8
17,TE17,Dalton Kincaid,TE,BUF,7,TE9,89.6,107.4
18,TE18,Hunter Henry,TE,NE,11,TE17,135.5,107.4
19,TE19,T.J. Hockenson,TE,MIN,6,TE20,164.1,102.6
20,TE20,Charlie Kolar,TE,LAC,7,TE157,999.0,101.0
21,TE21,Isaiah Likely,TE,NYG,8,TE13,107.3,100.4
22,TE22,Cade Otton,TE,TB,10,TE31,237.3,97.3
23,TE23,AJ Barner,TE,SEA,11,TE21,185.4,93.7
24,TE24,Chig Okonkwo,TE,WAS,7,TE22,187.0,89.9
25,TE25,Pat Freiermuth,TE,PIT,9,TE32,239.9,86.6
26,TE26,Jonnu Smith,TE,FA,-,1105,8.0,4.0
27,TE27,Gunnar Helm,TE,TEN,9,TE30,233.4,83.6
28,TE28,Evan Engram,TE,DEN,10,TE188,999.0,82.8
29,TE29,Greg Dulcich,TE,MIA,6,TE28,229.7,78.1
30,TE30,Michael Mayer,TE,LV,13,TE168,999.0,73.9
31,TE31,Kenyon Sadiq,TE,NYJ,13,TE18,149.4,73.4
32,TE32,Colby Parkinson,TE,LA,11,TE37,251.4,72.7
33,TE33,Mason Taylor,TE,NYJ,13,TE27,224.3,69.6
34,TE34,Mike Gesicki,TE,CIN,6,TE183,999.0,68.8
35,TE35,Theo Johnson,TE,NYG,8,TE29,232.2,67.4
36,TE36,Dawson Knox,TE,BUF,7,TE204,999.0,65.2
37,TE37,Cole Kmet,TE,CHI,10,TE199,999.0,65.0
38,TE38,Darnell Washington,TE,PIT,9,TE170,999.0,64.5
39,TE39,David Njoku,TE,LAC,7,TE25,206.9,55.6
40,TE40,Terrance Ferguson,TE,LA,11,TE26,207.1,53.9
41,TE41,Tyler Higbee,TE,LA,11,TE191,999.0,53.7
42,TE42,Darren Waller,TE,CAR,5,TE121,999.0,51.6
43,TE43,Noah Fant,TE,NO,8,TE206,999.0,48.7
44,TE44,Oronde Gadsden II,TE,LAC,7,TE15,125.1,48.6
45,TE45,Noah Gray,TE,KC,5,TE160,999.0,48.3
46,TE46,Elijah Arroyo,TE,SEA,11,TE138,999.0,44.8
47,TE47,Oscar Delp,TE,NO,8,TE117,999.0,43.5
48,TE48,Elijah Higgins,TE,ARZ,14,TE210,999.0,43.1
49,TE49,Jake Tonges,TE,SF,8,TE33,241.4,42.6
50,TE50,Daniel Bellinger,TE,TEN,9,TE178,999.0,42.5
51,TE51,Austin Hooper,TE,ATL,11,TE47,430.0,39.5
52,TE52,Tanner Hudson,TE,CIN,6,TE207,999.0,39.0
53,TE53,Drew Sample,TE,CIN,6,TE201,999.0,35.9
54,TE54,Eli Raridon,TE,NE,11,TE109,999.0,34.2
55,TE55,Josh Whyle,TE,GB,11,TE101,695.5,33.7
56,TE56,Josh Oliver,TE,MIN,6,TE202,999.0,33.2
57,TE57,Tommy Tremble,TE,CAR,5,TE162,999.0,33.0
58,TE58,Will Kacmarek,TE,MIA,6,TE105,999.0,32.9
59,TE59,Joe Royer,TE,CLV,11,TE96,683.0,30.6
60,TE60,Ja'Tavion Sanders,TE,CAR,5,TE218,999.0,29.3
1,K1,Brandon Aubrey,K,DAL,14,,,136.9
2,K2,Jake Bates,K,DET,6,,,135.7
3,K3,Harrison Mevis,K,LA,11,,,132.9
4,K4,Cairo Santos,K,CHI,10,,,131.1
5,K5,Jason Myers,K,SEA,11,,,130.7
6,K6,Eddy Pineiro,K,SF,8,,,130.6
7,K7,Tyler Bass,K,BUF,7,,,130.6
8,K8,Ka'imi Fairbairn,K,HST,8,,,130.5
9,K9,Cameron Dicker,K,LAC,7,,,130.3
10,K10,Spencer Shrader,K,IND,13,,,130.2
11,K11,Tyler Loop,K,BLT,13,,,130.0
12,K12,Harrison Butker,K,KC,5,,,129.5
13,K13,Cam Little,K,JAX,7,,,128.7
14,K14,Trey Smack,K,GB,11,,,127.8
15,K15,Chase McLaughlin,K,TB,10,,,127.7
16,K16,Jake Elliott,K,PHI,10,,,127.6
17,K17,Nick Folk,K,ATL,11,,,127.2
18,K18,Evan McPherson,K,CIN,6,,,126.9
19,K19,Wil Lutz,K,DEN,10,,,125.5
20,K20,Will Reichard,K,MIN,6,,,124.6
21,K21,Charlie Smyth,K,NO,8,,,124.6
22,K22,Andy Borregales,K,NE,11,,,123.7
23,K23,Drew Stevens,K,WAS,7,,,120.7
24,K24,Chris Boswell,K,PIT,9,,,120.4
25,K25,Chad Ryland,K,ARZ,14,,,120.3
26,K26,Dominic Zvada,K,NYG,8,,,117.9
27,K27,Matt Gay,K,LV,13,,,117.9
28,K28,Joey Slye,K,TEN,9,,,117.1
29,K29,Cade York,K,NYJ,13,,,114.9
30,K30,Riley Patterson,K,MIA,6,,,113.8
31,K31,Ryan Fitzgerald,K,CAR,5,,,112.2
32,K32,Andre Szmyt,K,CLV,11,,,110.9
1,DST1,Houston Texans,DST,HST,8,,,103.0
2,DST2,Los Angeles Rams,DST,LA,11,,,102.7
3,DST3,Seattle Seahawks,DST,SEA,11,,,101.3
4,DST4,Denver Broncos,DST,DEN,10,,,100.5
5,DST5,Philadelphia Eagles,DST,PHI,10,,,100.3
6,DST6,Jacksonville Jaguars,DST,JAX,7,,,100.2
7,DST7,Minnesota Vikings,DST,MIN,6,,,98.0
8,DST8,New England Patriots,DST,NE,11,,,97.3
9,DST9,Kansas City Chiefs,DST,KC,5,,,97.2
10,DST10,Green Bay Packers,DST,GB,11,,,96.4
11,DST11,Los Angeles Chargers,DST,LAC,7,,,96.1
12,DST12,Pittsburgh Steelers,DST,PIT,9,,,95.8
13,DST13,New Orleans Saints,DST,NO,8,,,95.7
14,DST14,Baltimore Ravens,DST,BLT,13,,,94.8
15,DST15,Buffalo Bills,DST,BUF,7,,,94.6
16,DST16,Carolina Panthers,DST,CAR,5,,,94.5
17,DST17,Indianapolis Colts,DST,IND,13,,,94.0
18,DST18,San Francisco 49ers,DST,SF,8,,,93.7
19,DST19,Atlanta Falcons,DST,ATL,11,,,93.2
20,DST20,Detroit Lions,DST,DET,6,,,91.6
21,DST21,Tampa Bay Buccaneers,DST,TB,10,,,90.9
22,DST22,New York Giants,DST,NYG,8,,,90.1
23,DST23,Chicago Bears,DST,CHI,10,,,89.6
24,DST24,Washington Commanders,DST,WAS,7,,,89.1
25,DST25,Las Vegas Raiders,DST,LV,13,,,88.1
26,DST26,Miami Dolphins,DST,MIA,6,,,87.8
27,DST27,Cleveland Browns,DST,CLV,11,,,87.0
28,DST28,Tennessee Titans,DST,TEN,9,,,86.0
29,DST29,Dallas Cowboys,DST,DAL,14,,,85.2
30,DST30,Cincinnati Bengals,DST,CIN,6,,,84.7
31,DST31,Arizona Cardinals,DST,ARZ,14,,,82.9
32,DST32,New York Jets,DST,NYJ,13,,,81.3
