Rank,Player,Team,Position,Tier,Tag,Notes
1,Jahmyr Gibbs,DET,RB,Tier 1,TARGET,🎯[SMASH TARGET] | VORP: +189.2 | Proj: 335.5pts | ⭐ Top-10 Eco (Drew Petzing) • OL #16 • 👑 Elite GL Run (74% Run - Gibbs/Monty TDs) • 👑 3-Down Bellcow • 💰 Contract Yr
2,Bijan Robinson,ATL,RB,Tier 1,TARGET,🎯[SMASH TARGET] | VORP: +174.3 | Proj: 320.7pts | Scheme: Kevin Stefanski/Rees • OL #11 • 👑 Elite GL Run (70% Run - Bijan TDs) • 👑 3-Down Bellcow • 💰 Contract Yr
3,Jonathan Taylor,IND,RB,Tier 1,TARGET,🎯[SMASH TARGET] | VORP: +137.2 | Proj: 283.5pts | Scheme: Shane Steichen • OL #10 • 👑 Elite GL Run (69% Run - JT TDs) • ⚡ Goal-Line Anchor
4,Puka Nacua,LAR,WR,Tier 1,TARGET,🎯[SMASH TARGET] | VORP: +130.1 | Proj: 268.8pts | ⭐ Top-10 Eco (Sean McVay) • 🛡️ Top-5 OL (#3) • 🎯 Pass-Funnel RZ (58% Pass) • 🟢 Green Schedule (≤2 Shadows) • 💰 Contract Yr
5,Ja'Marr Chase,CIN,WR,Tier 1,TARGET,🎯[SMASH TARGET] | VORP: +123.4 | Proj: 262.1pts | ⭐ Top-10 Eco (Zac Taylor) • ⚠️ Bad OL (#28) • 🎯 Pass-Funnel RZ (65% Pass)
6,Christian McCaffrey,SF,RB,Tier 2,TARGET,🎯[SMASH TARGET] | VORP: +112.1 | Proj: 258.4pts | ⭐ Top-10 Eco (Kyle Shanahan) • OL #6 • 👑 Elite GL Run (68% Run - CMC TDs)
7,James Cook,BUF,RB,Tier 2,TARGET,🎯[SMASH TARGET] | VORP: +110.6 | Proj: 256.9pts | ⭐ Top-10 Eco (Joe Brady) • OL #7
8,Jaxon Smith-Njigba,SEA,WR,Tier 2,TARGET,🎯[SMASH TARGET] | VORP: +105.3 | Proj: 244.0pts | Scheme: Brian Fleury • 🎯 Target Funnel (47% 2-WR)
9,Amon-Ra St. Brown,DET,WR,Tier 2,TARGET,🎯[SMASH TARGET] | VORP: +103.6 | Proj: 242.4pts | ⭐ Top-10 Eco (Drew Petzing)
10,Saquon Barkley,PHI,RB,Tier 2,TARGET,🎯[SMASH TARGET] | VORP: +100.4 | Proj: 246.7pts | ⭐ Top-10 Eco (Sean Mannion) • 🛡️ Top-5 OL (#2) • 👑 Elite GL Run (78% Run - Saquon/Hurts TDs)
11,Kenneth Walker,KC,RB,Tier 2,TARGET,💥[EXODIA MUST-HAVE] | VORP: +96.1 | Proj: 242.4pts | ⭐ Top-10 Eco (Andy Reid) • OL #21 • 👑 3-Down Bellcow
12,De'Von Achane,MIA,RB,Tier 2,AVOID,🚫[AVOID/FADE] | VORP: +92.9 | Proj: 239.2pts | ⭐ Top-10 Eco (Bobby Slowik) • ⚠️ Bad OL (#30) • 👑 3-Down Bellcow • 💰 Contract Yr
13,Derrick Henry,BAL,RB,Tier 2,,VORP: +88.7 | Proj: 235.1pts | ⭐ Top-10 Eco (Declan Doyle) • ⚠️ Bad OL (#26) • 👑 Elite GL Run (72% Run - Henry/Lamar TDs) • ⚡ Goal-Line Anchor
14,Chase Brown,CIN,RB,Tier 2,TARGET,💥[EXODIA MUST-HAVE] | VORP: +88.7 | Proj: 235.0pts | ⭐ Top-10 Eco (Zac Taylor) • ⚠️ Bad OL (#28) • 👑 3-Down Bellcow
15,Omarion Hampton,LAC,RB,Tier 2,TARGET,💥[EXODIA MUST-HAVE] | VORP: +88.2 | Proj: 234.5pts | Scheme: Mike McDaniel • OL #9 • 👑 Elite GL Run (71% Run - Hampton TDs) • 👑 3-Down Bellcow
16,Ashton Jeanty,LV,RB,Tier 2,TARGET,💥[EXODIA MUST-HAVE] | VORP: +85.6 | Proj: 232.0pts | Scheme: Klint Kubiak • OL #24 • 👑 3-Down Bellcow
17,CeeDee Lamb,DAL,WR,Tier 3,,VORP: +78.0 | Proj: 216.8pts | ⭐ Top-10 Eco (Brian Schottenheimer) • 🎯 Pass-Funnel RZ (61% Pass) • ⚡ 3-WR Slot Heavy (26%)
18,Josh Jacobs,GB,RB,Tier 3,,VORP: +73.4 | Proj: 219.8pts | ⭐ Top-10 Eco (Matt LaFleur) • ⚠️ Bad OL (#27) • 👑 Elite GL Run (67% Run - Jacobs TDs) • ⚡ Goal-Line Anchor
19,Breece Hall,NYJ,RB,Tier 3,TARGET,💥[EXODIA MUST-HAVE] | VORP: +72.6 | Proj: 218.9pts | Scheme: Frank Reich • OL #17
20,Brock Bowers,LV,TE,Tier 3,TARGET,💥[EXODIA MUST-HAVE] | VORP: +72.5 | Proj: 206.9pts | Scheme: Klint Kubiak • 🎯 90%+ Route Snaps (40% 12p) • 💥 TE1 Alpha
21,Justin Jefferson,MIN,WR,Tier 3,AVOID,⚠️[PASS/CAUTION] | VORP: +71.8 | Proj: 210.6pts | Scheme: Kevin O'Connell • 🎯 Pass-Funnel RZ (58% Pass)
22,Drake London,ATL,WR,Tier 3,TARGET,💥[EXODIA MUST-HAVE] | VORP: +71.1 | Proj: 209.9pts | Scheme: Kevin Stefanski/Rees • 🎯 Target Funnel (54% 2-WR) • 💰 Contract Yr
23,Kyren Williams,LAR,RB,Tier 3,,VORP: +62.8 | Proj: 209.2pts | ⭐ Top-10 Eco (Sean McVay) • 🛡️ Top-5 OL (#3) • ⚡ Goal-Line Anchor
24,Nico Collins,HOU,WR,Tier 3,,VORP: +62.6 | Proj: 201.3pts | ⭐ Top-10 Eco (Nick Caley) • ⚠️ Bad OL (#29) • 🎯 Pass-Funnel RZ (57% Pass) • ⚡ 3-WR Slot Heavy (14%)
25,Zay Flowers,BAL,WR,Tier 3,TARGET,👑[THE TWELVE] | VORP: +62.4 | Proj: 201.2pts | ⭐ Top-10 Eco (Declan Doyle) • ⚠️ Bad OL (#26) • 🎯 Target Funnel (60% 2-WR) • 🔥 Breakout Catalyst • 💰 Contract Yr
26,A.J. Brown,NE,WR,Tier 3,SLEEPER,🟣[YAHOO STEAL: +11 PICKS] | VORP: +57.2 | Proj: 196.0pts | Scheme: Josh McDaniels • 💰 Contract Yr
27,Tee Higgins,CIN,WR,Tier 3,TARGET,💥[EXODIA MUST-HAVE] | VORP: +56.0 | Proj: 194.8pts | ⭐ Top-10 Eco (Zac Taylor) • ⚠️ Bad OL (#28) • 🎯 Pass-Funnel RZ (65% Pass)
28,Chris Olave,NO,WR,Tier 3,SLEEPER,🟣[YAHOO STEAL: +9 PICKS] | VORP: +53.3 | Proj: 192.1pts | Scheme: Kellen Moore • ⚡ 3-WR Slot Heavy (25%) • 💰 Contract Yr
29,DeVonta Smith,PHI,WR,Tier 3,TARGET,🎯[SMASH TARGET] | VORP: +52.2 | Proj: 190.9pts | ⭐ Top-10 Eco (Sean Mannion) • 🛡️ Top-5 OL (#2)
30,Javonte Williams,DAL,RB,Tier 3,TARGET,👑[THE TWELVE] | VORP: +51.1 | Proj: 197.5pts | ⭐ Top-10 Eco (Brian Schottenheimer) • OL #15
31,George Pickens,DAL,WR,Tier 3,,VORP: +50.9 | Proj: 189.7pts | ⭐ Top-10 Eco (Brian Schottenheimer) • 🎯 Pass-Funnel RZ (61% Pass) • ⚡ 3-WR Slot Heavy (26%)
32,Josh Allen,BUF,QB,Tier 3,,VORP: +49.2 | Proj: 339.7pts | ⭐ Top-10 Eco (Joe Brady) • OL #7 • 🎯 Pass-Funnel RZ (58% Pass) • ⚡ Dual-Threat Floor
33,Cam Skattebo,NYG,RB,Tier 4,TARGET,💥[EXODIA MUST-HAVE] | VORP: +48.9 | Proj: 195.2pts | Scheme: Matt Nagy • OL #18 • 👑 3-Down Bellcow • 🔥 Breakout Catalyst
34,Ladd McConkey,LAC,WR,Tier 4,SLEEPER,🔥[BREAKOUT CATALYST] | VORP: +46.7 | Proj: 185.5pts | Scheme: Mike McDaniel • ⚡ 3-WR Slot Heavy (19%) • 🔥 Breakout Catalyst
35,David Montgomery,HOU,RB,Tier 4,TARGET,💥[EXODIA MUST-HAVE] | VORP: +46.7 | Proj: 193.0pts | ⭐ Top-10 Eco (Nick Caley) • ⚠️ Bad OL (#29) • 🔥 Breakout Catalyst
36,Rashee Rice,KC,WR,Tier 4,AVOID,⚠️[PASS/CAUTION] | VORP: +43.8 | Proj: 182.6pts | ⭐ Top-10 Eco (Andy Reid) • 🎯 Pass-Funnel RZ (63% Pass) • 💰 Contract Yr
37,Malik Nabers,NYG,WR,Tier 4,,VORP: +41.1 | Proj: 179.9pts | Scheme: Matt Nagy
38,Trey McBride,ARI,TE,Tier 4,AVOID,🚫[AVOID/FADE] | VORP: +39.4 | Proj: 167.9pts | Scheme: Mike LaFleur
39,D'Andre Swift,CHI,RB,Tier 4,,VORP: +38.0 | Proj: 184.3pts | Scheme: Ben Johnson • 🛡️ Top-5 OL (#4) • ⚠️ Committee Trap
40,Travis Etienne,NO,RB,Tier 4,AVOID,🚫[AVOID/FADE] | VORP: +38.0 | Proj: 184.3pts | Scheme: Kellen Moore • OL #22 • 🔥 Breakout Catalyst
41,Quinshon Judkins,CLE,RB,Tier 4,AVOID,🚫[AVOID/FADE] | VORP: +37.7 | Proj: 184.0pts | Scheme: Todd Monken • ⚠️ Bad OL (#32) • 🔥 Breakout Catalyst
42,Tyler Warren,IND,TE,Tier 4,TARGET,💥[EXODIA MUST-HAVE] | VORP: +37.2 | Proj: 165.3pts | Scheme: Shane Steichen • 💥 TE1 Alpha
43,Garrett Wilson,NYJ,WR,Tier 4,AVOID,⚠️[PASS/CAUTION] | VORP: +36.8 | Proj: 175.5pts | Scheme: Frank Reich • ⚡ 3-WR Slot Heavy (24%)
44,Jameson Williams,DET,WR,Tier 4,SLEEPER,🟣[YAHOO STEAL: +13 PICKS] | VORP: +35.9 | Proj: 174.7pts | ⭐ Top-10 Eco (Drew Petzing)
45,Rhamondre Stevenson,NE,RB,Tier 4,TARGET,🎯[SMASH TARGET] | VORP: +35.8 | Proj: 182.1pts | Scheme: Josh McDaniels • OL #13
46,Colston Loveland,CHI,TE,Tier 4,TARGET,🎯[SMASH TARGET] | VORP: +35.6 | Proj: 163.4pts | Scheme: Ben Johnson • 🛡️ Top-5 OL (#4) • 🎯 Pass-Heavy RZ (Ben Johnson) • 🎯 90%+ Route Snaps (41% 12p) • 🔥 Breakout Catalyst
47,Jaylen Waddle,DEN,WR,Tier 4,TARGET,💥[EXODIA MUST-HAVE] | VORP: +32.1 | Proj: 170.9pts | Scheme: Sean Payton/Webb • 🛡️ Top-5 OL (#1) • 🎯 Pass-Funnel RZ (Sean Payton) • ⚡ 3-WR Slot Heavy (17%) • 🔥 Breakout Catalyst
48,Terry McLaurin,WAS,WR,Tier 4,TARGET,👑[THE TWELVE] | VORP: +31.0 | Proj: 169.8pts | Scheme: David Blough • ⚠️ Bad OL (#25)
49,Bucky Irving,TB,RB,Tier 4,AVOID,🚫[AVOID/FADE] | VORP: +29.5 | Proj: 175.8pts | Scheme: Zac Robinson • 🛡️ Top-5 OL (#5)
50,Luther Burden,CHI,WR,Tier 4,TARGET,💥[EXODIA MUST-HAVE] | VORP: +28.3 | Proj: 167.1pts | Scheme: Ben Johnson • 🛡️ Top-5 OL (#4) • 🎯 Pass-Heavy RZ (Ben Johnson) • 🔥 Breakout Catalyst
51,Jeremiyah Love,ARI,RB,Tier 4,AVOID,🚫[AVOID/FADE] | VORP: +28.2 | Proj: 174.5pts | Scheme: Mike LaFleur • OL #20
52,Davante Adams,LAR,WR,Tier 4,,VORP: +28.2 | Proj: 167.0pts | ⭐ Top-10 Eco (Sean McVay) • 🛡️ Top-5 OL (#3) • 🎯 Pass-Funnel RZ (58% Pass)
53,Emeka Egbuka,TB,WR,Tier 4,AVOID,🚫[AVOID/FADE] | VORP: +27.5 | Proj: 166.3pts | Scheme: Zac Robinson • 🛡️ Top-5 OL (#5) • 🎯 Pass-Funnel RZ (60% Pass) • ⚡ 3-WR Slot Heavy (27%) • 🔥 Breakout Catalyst
54,Drake Maye,NE,QB,Tier 4,SLEEPER,🔥[BREAKOUT CATALYST] | VORP: +27.1 | Proj: 310.2pts | Scheme: Josh McDaniels • OL #13 • 🔥 Breakout Catalyst
55,Christian Watson,GB,WR,Tier 5,TARGET,💥[EXODIA MUST-HAVE] | VORP: +27.0 | Proj: 165.8pts | ⭐ Top-10 Eco (Matt LaFleur) • ⚠️ Bad OL (#27)
56,Bhayshul Tuten,JAC,RB,Tier 5,TARGET,💥[EXODIA MUST-HAVE] | VORP: +26.2 | Proj: 172.6pts | Scheme: Liam Coen • OL #23 • 🔥 Breakout Catalyst
57,Tetairoa McMillan,CAR,WR,Tier 5,AVOID,🚫[AVOID/FADE] | VORP: +25.1 | Proj: 163.9pts | Scheme: Dave Canales/Idzik
58,Parker Washington,JAC,WR,Tier 5,TARGET,💥[EXODIA MUST-HAVE] | VORP: +24.7 | Proj: 163.5pts | Scheme: Liam Coen • 🎯 Pass-Heavy RZ (Liam Coen) • ⚡ 3-WR Slot Heavy (25%) • 💰 Contract Yr
59,Lamar Jackson,BAL,QB,Tier 5,AVOID,🚫[AVOID/FADE] | VORP: +23.5 | Proj: 305.5pts | ⭐ Top-10 Eco (Declan Doyle) • ⚠️ Bad OL (#26) • ⚡ Dual-Threat Floor
60,Rome Odunze,CHI,WR,Tier 5,TARGET,🎯[SMASH TARGET] | VORP: +23.3 | Proj: 162.1pts | ⭐ Top-10 Eco (Ben Johnson) • 🛡️ Top-5 OL (#4) • 🎯 Pass-Heavy RZ (Ben Johnson)
61,Jalen Hurts,PHI,QB,Tier 5,,VORP: +22.0 | Proj: 303.4pts | ⭐ Top-10 Eco (Sean Mannion) • 🛡️ Top-5 OL (#2) • ⚡ Dual-Threat Floor
62,Mike Evans,SF,WR,Tier 5,TARGET,💥[EXODIA MUST-HAVE] | VORP: +20.9 | Proj: 159.7pts | ⭐ Top-10 Eco (Kyle Shanahan) • 🚨 2-WR Bench Risk (48%)
63,DJ Moore,BUF,WR,Tier 5,SLEEPER,⭐[TOP-10 ECO VALUE] | VORP: +20.6 | Proj: 159.3pts | ⭐ Top-10 Eco (Joe Brady) • 🎯 Pass-Funnel RZ (58% Pass) • ⚡ 3-WR Slot Heavy (24%)
64,Brian Thomas,JAC,WR,Tier 5,SLEEPER,🟣[YAHOO STEAL: +9 PICKS] | VORP: +19.2 | Proj: 158.0pts | Scheme: Liam Coen • 🎯 Pass-Heavy RZ (Liam Coen) • ⚡ 3-WR Slot Heavy (25%)
65,Jaylen Warren,PIT,RB,Tier 5,AVOID,🚫[AVOID/FADE] | VORP: +18.6 | Proj: 165.0pts | Scheme: Mike McCarthy • OL #19 • 👑 3-Down Bellcow
66,Jayden Daniels,WAS,QB,Tier 5,,VORP: +17.8 | Proj: 297.9pts | Scheme: David Blough • ⚠️ Bad OL (#25) • ⚡ Dual-Threat Floor
67,Kyle Pitts,ATL,TE,Tier 5,AVOID,⚠️[PASS/CAUTION] | VORP: +17.0 | Proj: 141.6pts | Scheme: Kevin Stefanski/Rees • 🎯 90%+ Route Snaps (54% 12p)
68,Sam LaPorta,DET,TE,Tier 5,TARGET,👑[THE TWELVE] | VORP: +16.8 | Proj: 141.3pts | ⭐ Top-10 Eco (Drew Petzing) • 💰 Contract Yr
69,Harold Fannin,CLE,TE,Tier 5,SLEEPER,🔥[BREAKOUT CATALYST] | VORP: +16.2 | Proj: 140.6pts | Scheme: Todd Monken • ⚠️ Bad OL (#32) • 🎯 90%+ Route Snaps (47% 12p) • 🔥 Breakout Catalyst
70,Quentin Johnston,LAC,WR,Tier 5,SLEEPER,🟣[YAHOO STEAL: +22 PICKS] | VORP: +13.4 | Proj: 152.2pts | Scheme: Mike McDaniel • ⚡ 3-WR Slot Heavy (19%) • 💰 Contract Yr
71,Joe Burrow,CIN,QB,Tier 5,AVOID,🚫[AVOID/FADE] | VORP: +12.7 | Proj: 291.0pts | ⭐ Top-10 Eco (Zac Taylor) • ⚠️ Bad OL (#28) • 🎯 Pass-Funnel RZ (65% Pass)
72,Tucker Kraft,GB,TE,Tier 5,TARGET,💥[EXODIA MUST-HAVE] | VORP: +12.4 | Proj: 136.2pts | ⭐ Top-10 Eco (Matt LaFleur) • ⚠️ Bad OL (#27) • 💥 TE1 Alpha • 💰 Contract Yr
73,George Kittle,SF,TE,Tier 5,,VORP: +11.6 | Proj: 135.2pts | ⭐ Top-10 Eco (Kyle Shanahan) • 🎯 90%+ Route Snaps (48% 12p)
74,DK Metcalf,PIT,WR,Tier 5,AVOID,🚫[AVOID/FADE] | VORP: +11.2 | Proj: 150.0pts | Scheme: Mike McCarthy
75,Justin Herbert,LAC,QB,Tier 5,TARGET,👑[THE TWELVE] | VORP: +10.2 | Proj: 287.7pts | Scheme: Mike McDaniel • OL #9
76,TreVeyon Henderson,NE,RB,Tier 5,AVOID,🚫[AVOID/FADE] | VORP: +9.9 | Proj: 156.3pts | Scheme: Josh McDaniels • OL #13 • ⚠️ Committee Trap
77,Trevor Lawrence,JAC,QB,Tier 6,TARGET,👑[THE TWELVE] | VORP: +9.7 | Proj: 287.1pts | Scheme: Liam Coen • OL #23 • 🎯 Pass-Heavy RZ (Liam Coen) • ⚡ Dual-Threat Floor • 🔥 Breakout Catalyst
78,Mark Andrews,BAL,TE,Tier 6,SLEEPER,🔥[BREAKOUT CATALYST] | VORP: +9.6 | Proj: 132.9pts | ⭐ Top-10 Eco (Declan Doyle) • ⚠️ Bad OL (#26) • 🎯 90%+ Route Snaps (60% 12p) • 🔥 Breakout Catalyst
79,Michael Pittman,PIT,WR,Tier 6,AVOID,⚠️[PASS/CAUTION] | VORP: +7.5 | Proj: 146.3pts | Scheme: Mike McCarthy
80,Travis Kelce,KC,TE,Tier 6,AVOID,🚫[AVOID/FADE] | VORP: +6.4 | Proj: 129.1pts | ⭐ Top-10 Eco (Andy Reid) • 🎯 Pass-Funnel RZ (63% Pass)
81,Brock Purdy,SF,QB,Tier 6,TARGET,🎯[SMASH TARGET] | VORP: +6.4 | Proj: 282.6pts | ⭐ Top-10 Eco (Kyle Shanahan) • OL #6
82,Caleb Williams,CHI,QB,Tier 6,TARGET,🎯[SMASH TARGET] | VORP: +6.1 | Proj: 282.3pts | Scheme: Ben Johnson • 🛡️ Top-5 OL (#4) • 🎯 Pass-Heavy RZ (Ben Johnson)
83,Dak Prescott,DAL,QB,Tier 6,SLEEPER,⭐[TOP-10 ECO VALUE] | VORP: +4.8 | Proj: 280.5pts | ⭐ Top-10 Eco (Brian Schottenheimer) • OL #15 • 🎯 Pass-Funnel RZ (61% Pass)
84,Dallas Goedert,PHI,TE,Tier 6,TARGET,🎯[SMASH TARGET] | VORP: +4.7 | Proj: 127.1pts | ⭐ Top-10 Eco (Sean Mannion) • 🛡️ Top-5 OL (#2)
85,Courtland Sutton,DEN,WR,Tier 6,AVOID,🚫[AVOID/FADE] | VORP: +4.0 | Proj: 142.7pts | Scheme: Sean Payton/Webb • 🛡️ Top-5 OL (#1) • 🎯 Pass-Funnel RZ (Sean Payton) • ⚡ 3-WR Slot Heavy (17%)
86,Chuba Hubbard,CAR,RB,Tier 6,TARGET,🎯[SMASH TARGET] | VORP: +3.4 | Proj: 149.7pts | Scheme: Dave Canales/Idzik • OL #8
87,Rico Dowdle,PIT,RB,Tier 6,,VORP: +0.4 | Proj: 146.7pts | Scheme: Mike McCarthy • OL #19
88,Patrick Mahomes,KC,QB,Tier 6,,VORP: +0.4 | Proj: 274.6pts | ⭐ Top-10 Eco (Andy Reid) • OL #21 • 🎯 Pass-Funnel RZ (63% Pass)
89,Bo Nix,DEN,QB,Tier 6,,VORP: +0.0 | Proj: 274.1pts | Scheme: Sean Payton/Webb • 🛡️ Top-5 OL (#1) • 🎯 Pass-Funnel RZ (Sean Payton) • ⚡ Dual-Threat Floor
90,Jadarian Price,SEA,RB,Tier 6,,VORP: +0.0 | Proj: 146.3pts | Scheme: Brian Fleury • OL #14 • ⚠️ Committee Trap
91,Carnell Tate,TEN,WR,Tier 6,AVOID,🚫[AVOID/FADE] | VORP: +0.0 | Proj: 138.8pts | Scheme: Brian Daboll • ⚠️ Bad OL (#31) • ⚡ 3-WR Slot Heavy (20%)
92,Juwan Johnson,NO,TE,Tier 6,,VORP: +0.0 | Proj: 121.6pts | Scheme: Kellen Moore
93,Jordan Addison,MIN,WR,Tier 6,SLEEPER,🟣[YAHOO STEAL: +12 PICKS] | VORP: -0.5 | Proj: 138.2pts | Scheme: Kevin O'Connell • 🎯 Pass-Funnel RZ (58% Pass) • 💰 Contract Yr
94,Marvin Harrison,ARI,WR,Tier 6,AVOID,⚠️[PASS/CAUTION] | VORP: -0.8 | Proj: 138.0pts | Scheme: Mike LaFleur
95,Dalton Kincaid,BUF,TE,Tier 6,TARGET,🎯[SMASH TARGET] | VORP: -1.1 | Proj: 120.3pts | ⭐ Top-10 Eco (Joe Brady) • 🎯 Pass-Funnel RZ (58% Pass) • 💰 Contract Yr
96,Jakobi Meyers,JAC,WR,Tier 6,AVOID,⚠️[PASS/CAUTION] | VORP: -1.6 | Proj: 137.2pts | Scheme: Liam Coen • 🎯 Pass-Heavy RZ (Liam Coen) • ⚡ 3-WR Slot Heavy (25%)
97,Jake Ferguson,DAL,TE,Tier 6,AVOID,🚫[AVOID/FADE] | VORP: -1.7 | Proj: 119.6pts | ⭐ Top-10 Eco (Brian Schottenheimer) • 🎯 Pass-Funnel RZ (61% Pass)
98,Brenton Strange,JAC,TE,Tier 6,,VORP: -2.1 | Proj: 119.2pts | Scheme: Liam Coen • 🎯 Pass-Heavy RZ (Liam Coen)
99,Tony Pollard,TEN,RB,Tier 6,AVOID,🚫[AVOID/FADE] | VORP: -2.6 | Proj: 143.7pts | Scheme: Brian Daboll • ⚠️ Bad OL (#31) • ⚠️ Committee Trap
100,Jaxson Dart,NYG,QB,Tier 6,SLEEPER,🔥[BREAKOUT CATALYST] | VORP: -3.6 | Proj: 269.4pts | Scheme: Matt Nagy • OL #18 • ⚡ Dual-Threat Floor • 🔥 Breakout Catalyst
101,Isaiah Likely,NYG,TE,Tier 6,SLEEPER,🔥[BREAKOUT CATALYST] | VORP: -4.0 | Proj: 116.9pts | Scheme: Matt Nagy • 🔥 Breakout Catalyst
102,Michael Wilson,ARI,WR,Tier 6,SLEEPER,🟣[YAHOO STEAL: +14 PICKS] | VORP: -4.4 | Proj: 134.4pts | Scheme: Mike LaFleur • 💰 Contract Yr
103,Alec Pierce,IND,WR,Tier 6,,VORP: -4.4 | Proj: 134.3pts | Scheme: Shane Steichen
104,Chris Godwin,TB,WR,Tier 6,SLEEPER,🟣[YAHOO STEAL: +16 PICKS] | VORP: -4.6 | Proj: 134.2pts | Scheme: Zac Robinson • 🛡️ Top-5 OL (#5) • 🎯 Pass-Funnel RZ (60% Pass) • ⚡ 3-WR Slot Heavy (27%)
105,Josh Downs,IND,WR,Tier 6,TARGET,💥[EXODIA MUST-HAVE] | VORP: -4.7 | Proj: 134.1pts | Scheme: Shane Steichen • 💰 Contract Yr
106,Hunter Henry,NE,TE,Tier 6,,VORP: -5.1 | Proj: 115.5pts | Scheme: Josh McDaniels
107,Romeo Doubs,NE,WR,Tier 6,TARGET,🎯[SMASH TARGET] | VORP: -5.8 | Proj: 132.9pts | Scheme: Josh McDaniels
108,Jared Goff,DET,QB,Tier 6,SLEEPER,⭐[TOP-10 ECO VALUE] | VORP: -6.1 | Proj: 266.0pts | ⭐ Top-10 Eco (Drew Petzing) • OL #16
109,Kenny Gainwell,TB,RB,Tier 7,AVOID,🚫[AVOID/FADE] | VORP: -7.9 | Proj: 138.4pts | Scheme: Zac Robinson • 🛡️ Top-5 OL (#5)
110,Jayden Reed,GB,WR,Tier 7,SLEEPER,🟣[YAHOO STEAL: +12 PICKS] | VORP: -8.0 | Proj: 130.8pts | ⭐ Top-10 Eco (Matt LaFleur) • ⚠️ Bad OL (#27)
111,Dalton Schultz,HOU,TE,Tier 7,,VORP: -8.6 | Proj: 111.5pts | ⭐ Top-10 Eco (Nick Caley) • ⚠️ Bad OL (#29) • 🎯 Pass-Funnel RZ (57% Pass)
112,Matthew Stafford,LAR,QB,Tier 7,,VORP: -9.3 | Proj: 261.7pts | ⭐ Top-10 Eco (Sean McVay) • 🛡️ Top-5 OL (#3) • 🎯 Pass-Funnel RZ (58% Pass)
113,T.J. Hockenson,MIN,TE,Tier 7,,VORP: -11.1 | Proj: 108.5pts | Scheme: Kevin O'Connell • 🎯 Pass-Funnel RZ (58% Pass)
114,Stefon Diggs,WAS,WR,Tier 7,,VORP: -11.3 | Proj: 127.5pts | Scheme: David Blough • ⚠️ Bad OL (#25)
115,Matthew Golden,GB,WR,Tier 7,SLEEPER,⭐[TOP-10 ECO VALUE] | VORP: -13.8 | Proj: 125.0pts | ⭐ Top-10 Eco (Matt LaFleur) • ⚠️ Bad OL (#27)
116,Aaron Jones Sr.,MIN,RB,Tier 7,AVOID,🚫[AVOID/FADE] | VORP: -14.2 | Proj: 132.1pts | Scheme: Kevin O'Connell • OL #12 • ⚠️ Committee Trap
117,Baker Mayfield,TB,QB,Tier 7,,VORP: -14.7 | Proj: 254.5pts | Scheme: Zac Robinson • 🛡️ Top-5 OL (#5) • 🎯 Pass-Funnel RZ (60% Pass)
118,Xavier Worthy,KC,WR,Tier 7,,VORP: -15.2 | Proj: 123.5pts | ⭐ Top-10 Eco (Andy Reid) • 🎯 Pass-Funnel RZ (63% Pass)
119,Cade Otton,TB,TE,Tier 7,SLEEPER,🟣[YAHOO STEAL: +22 PICKS] | VORP: -15.4 | Proj: 103.5pts | Scheme: Zac Robinson • 🛡️ Top-5 OL (#5) • 🎯 Pass-Funnel RZ (60% Pass)
120,AJ Barner,SEA,TE,Tier 7,,VORP: -15.8 | Proj: 103.0pts | Scheme: Brian Fleury • 🎯 90%+ Route Snaps (47% 12p)
121,Wan'Dale Robinson,TEN,WR,Tier 7,AVOID,🚫[AVOID/FADE] | VORP: -16.2 | Proj: 122.6pts | Scheme: Brian Daboll • ⚠️ Bad OL (#31) • ⚡ 3-WR Slot Heavy (20%)
122,Chig Okonkwo,WAS,TE,Tier 7,,VORP: -16.8 | Proj: 101.8pts | Scheme: David Blough • ⚠️ Bad OL (#25)
123,Kyler Murray,MIN,QB,Tier 7,TARGET,💥[EXODIA MUST-HAVE] | VORP: -17.5 | Proj: 250.8pts | Scheme: Kevin O'Connell • OL #12 • 🎯 Pass-Funnel RZ (58% Pass) • ⚡ Dual-Threat Floor
124,Deebo Samuel Sr.,SF,WR,Tier 7,SLEEPER,⭐[TOP-10 ECO VALUE] | VORP: -17.5 | Proj: 121.3pts | ⭐ Top-10 Eco (Kyle Shanahan) • 🚨 2-WR Bench Risk (48%)
125,Tyler Shough,NO,QB,Tier 7,,VORP: -17.8 | Proj: 250.4pts | Scheme: Kellen Moore • OL #22 • ⚡ Dual-Threat Floor • 🔥 Breakout Catalyst
126,RJ Harvey,DEN,RB,Tier 7,AVOID,⚠️[PASS/CAUTION] | VORP: -18.0 | Proj: 128.3pts | Scheme: Sean Payton/Webb • 🛡️ Top-5 OL (#1)
127,Jordan Love,GB,QB,Tier 7,AVOID,⚠️[PASS/CAUTION] | VORP: -18.4 | Proj: 249.7pts | ⭐ Top-10 Eco (Matt LaFleur) • ⚠️ Bad OL (#27)
128,Daniel Jones,IND,QB,Tier 7,SLEEPER,🟣[YAHOO STEAL: +33 PICKS] | VORP: -19.6 | Proj: 248.0pts | Scheme: Shane Steichen • OL #10
129,Blake Corum,LAR,RB,Tier 7,SLEEPER,⭐[TOP-10 ECO VALUE] | VORP: -19.7 | Proj: 126.6pts | ⭐ Top-10 Eco (Sean McVay) • 🛡️ Top-5 OL (#3) • ⚠️ Committee Trap
130,Tre Tucker,LV,WR,Tier 7,SLEEPER,🟣[YAHOO STEAL: +38 PICKS] | VORP: -20.6 | Proj: 118.2pts | Scheme: Klint Kubiak
131,Malik Willis,MIA,QB,Tier 7,TARGET,💥[EXODIA MUST-HAVE] | VORP: -21.2 | Proj: 245.8pts | ⭐ Top-10 Eco (Bobby Slowik) • ⚠️ Bad OL (#30) • 🎯 Pass-Funnel RZ (59% Pass) • ⚡ Dual-Threat Floor
132,Khalil Shakir,BUF,WR,Tier 7,AVOID,🚫[AVOID/FADE] | VORP: -22.7 | Proj: 116.1pts | ⭐ Top-10 Eco (Joe Brady) • 🎯 Pass-Funnel RZ (58% Pass) • ⚡ 3-WR Slot Heavy (24%)
133,Kyle Monangai,CHI,RB,Tier 7,,VORP: -23.2 | Proj: 123.2pts | Scheme: Ben Johnson • 🛡️ Top-5 OL (#4) • ⚠️ Committee Trap
134,Jonathon Brooks,CAR,RB,Tier 7,TARGET,💥[EXODIA MUST-HAVE] | VORP: -23.2 | Proj: 123.1pts | Scheme: Dave Canales/Idzik • OL #8
135,Pat Freiermuth,PIT,TE,Tier 7,SLEEPER,🟣[YAHOO STEAL: +60 PICKS] | VORP: -23.3 | Proj: 94.2pts | Scheme: Mike McCarthy • 🎯 90%+ Route Snaps (41% 12p)
136,Jalen Coker,CAR,WR,Tier 7,,VORP: -23.8 | Proj: 115.0pts | Scheme: Dave Canales/Idzik
137,C.J. Stroud,HOU,QB,Tier 7,,VORP: -23.9 | Proj: 242.2pts | ⭐ Top-10 Eco (Nick Caley) • ⚠️ Bad OL (#29) • 🎯 Pass-Funnel RZ (57% Pass) • 💰 Contract Yr
138,Cooper Kupp,SEA,WR,Tier 7,SLEEPER,🟣[YAHOO STEAL: +34 PICKS] | VORP: -25.7 | Proj: 113.1pts | Scheme: Brian Fleury • 🚨 2-WR Bench Risk (47%)
139,Jalen Nailor,LV,WR,Tier 7,SLEEPER,🟣[YAHOO STEAL: +20 PICKS] | VORP: -25.8 | Proj: 113.0pts | Scheme: Klint Kubiak
140,Sam Darnold,SEA,QB,Tier 7,,VORP: -25.9 | Proj: 239.6pts | Scheme: Brian Fleury • OL #14
141,J.K. Dobbins,DEN,RB,Tier 7,AVOID,🚫[AVOID/FADE] | VORP: -26.2 | Proj: 120.1pts | Scheme: Sean Payton/Webb • 🛡️ Top-5 OL (#1) • ⚠️ Committee Trap
142,Keenan Allen,IND,WR,Tier 7,,VORP: -26.9 | Proj: 111.9pts | Scheme: Shane Steichen
143,Kenyon Sadiq,NYJ,TE,Tier 7,,VORP: -26.9 | Proj: 89.9pts | Scheme: Frank Reich • 🔥 Breakout Catalyst
144,Evan Engram,DEN,TE,Tier 7,,VORP: -27.3 | Proj: 89.4pts | Scheme: Sean Payton/Webb • 🛡️ Top-5 OL (#1) • 🎯 Pass-Funnel RZ (Sean Payton)
145,Rachaad White,WAS,RB,Tier 8,AVOID,🚫[AVOID/FADE] | VORP: -27.6 | Proj: 118.7pts | Scheme: David Blough • ⚠️ Bad OL (#25)
146,Gunnar Helm,TEN,TE,Tier 8,,VORP: -28.2 | Proj: 88.4pts | Scheme: Brian Daboll • ⚠️ Bad OL (#31)
147,Ryan Flournoy,DAL,WR,Tier 8,,VORP: -28.8 | Proj: 110.0pts | ⭐ Top-10 Eco (Brian Schottenheimer) • 🎯 Pass-Funnel RZ (61% Pass) • ⚡ 3-WR Slot Heavy (26%)
148,Makai Lemon,PHI,WR,Tier 8,AVOID,🚫[AVOID/FADE] | VORP: -30.6 | Proj: 108.2pts | ⭐ Top-10 Eco (Sean Mannion) • 🛡️ Top-5 OL (#2)
149,Charlie Kolar,LAC,TE,Tier 8,,VORP: -30.8 | Proj: 85.4pts | Scheme: Mike McDaniel
150,KC Concepcion,CLE,WR,Tier 8,,VORP: -32.0 | Proj: 106.8pts | Scheme: Todd Monken • ⚠️ Bad OL (#32) • 🚨 2-WR Bench Risk (47%)
151,Brandon Aubrey,DAL,K,Tier 8,,VORP: +1.8 | Proj: 136.1pts | ⭐ Top-10 Eco (Brian Schottenheimer)
152,Houston Texans,HOU,DST,Tier 8,,VORP: +1.8 | Proj: 102.4pts | ⭐ Top-10 Eco (Nick Caley) • ⚠️ Bad OL (#29)
153,Los Angeles Rams,LAR,DST,Tier 8,,VORP: +1.7 | Proj: 102.1pts | ⭐ Top-10 Eco (Sean McVay) • 🛡️ Top-5 OL (#3)
154,Jake Bates,DET,K,Tier 8,,VORP: +1.5 | Proj: 134.9pts | ⭐ Top-10 Eco (Drew Petzing)
155,Seattle Seahawks,SEA,DST,Tier 8,,VORP: +1.4 | Proj: 100.7pts | Scheme: Brian Fleury
156,Denver Broncos,DEN,DST,Tier 8,,VORP: +1.2 | Proj: 99.9pts | Scheme: Sean Payton/Webb • 🛡️ Top-5 OL (#1)
157,Philadelphia Eagles,PHI,DST,Tier 8,,VORP: +1.1 | Proj: 99.7pts | ⭐ Top-10 Eco (Sean Mannion) • 🛡️ Top-5 OL (#2)
158,Jacksonville Jaguars,JAC,DST,Tier 8,,VORP: +1.1 | Proj: 99.6pts | Scheme: Liam Coen
159,Blake Grupe,IND,K,Tier 8,,VORP: +1.0 | Proj: 132.6pts | Scheme: Shane Steichen
160,Harrison Mevis,LAR,K,Tier 8,,VORP: +0.8 | Proj: 132.1pts | ⭐ Top-10 Eco (Sean McVay) • 🛡️ Top-5 OL (#3)
161,Minnesota Vikings,MIN,DST,Tier 8,,VORP: +0.6 | Proj: 97.4pts | Scheme: Kevin O'Connell
162,Cairo Santos,CHI,K,Tier 8,,VORP: +0.4 | Proj: 130.3pts | Scheme: Ben Johnson • 🛡️ Top-5 OL (#4)
163,New England Patriots,NE,DST,Tier 8,,VORP: +0.4 | Proj: 96.7pts | Scheme: Josh McDaniels
164,Kansas City Chiefs,KC,DST,Tier 8,,VORP: +0.4 | Proj: 96.6pts | ⭐ Top-10 Eco (Andy Reid)
165,Jason Myers,SEA,K,Tier 8,,VORP: +0.3 | Proj: 129.9pts | Scheme: Brian Fleury
166,Eddy Pineiro,SF,K,Tier 8,,VORP: +0.3 | Proj: 129.8pts | ⭐ Top-10 Eco (Kyle Shanahan)
167,Tyler Bass,BUF,K,Tier 8,,VORP: +0.3 | Proj: 129.8pts | ⭐ Top-10 Eco (Joe Brady)
168,Ka'imi Fairbairn,HOU,K,Tier 8,,VORP: +0.2 | Proj: 129.7pts | ⭐ Top-10 Eco (Nick Caley) • ⚠️ Bad OL (#29)
169,Cameron Dicker,LAC,K,Tier 8,,VORP: +0.2 | Proj: 129.5pts | Scheme: Mike McDaniel
170,Spencer Shrader,IND,K,Tier 8,,VORP: +0.2 | Proj: 129.4pts | Scheme: Shane Steichen
171,Green Bay Packers,GB,DST,Tier 8,,VORP: +0.2 | Proj: 95.8pts | ⭐ Top-10 Eco (Matt LaFleur) • ⚠️ Bad OL (#27)
172,Tyler Loop,BAL,K,Tier 8,,VORP: +0.1 | Proj: 129.2pts | ⭐ Top-10 Eco (Declan Doyle) • ⚠️ Bad OL (#26)
173,Los Angeles Chargers,LAC,DST,Tier 8,,VORP: +0.1 | Proj: 95.5pts | Scheme: Mike McDaniel
174,Pittsburgh Steelers,PIT,DST,Tier 8,,VORP: +0.0 | Proj: 95.2pts | Scheme: Mike McCarthy
175,Harrison Butker,KC,K,Tier 8,,VORP: +0.0 | Proj: 128.7pts | ⭐ Top-10 Eco (Andy Reid)
176,New Orleans Saints,NO,DST,Tier 8,,VORP: +0.0 | Proj: 95.1pts | Scheme: Kellen Moore
177,Cam Little,JAC,K,Tier 8,,VORP: -0.2 | Proj: 127.9pts | Scheme: Liam Coen
178,Baltimore Ravens,BAL,DST,Tier 8,,VORP: -0.2 | Proj: 94.2pts | ⭐ Top-10 Eco (Declan Doyle) • ⚠️ Bad OL (#26)
179,Buffalo Bills,BUF,DST,Tier 8,,VORP: -0.3 | Proj: 94.0pts | ⭐ Top-10 Eco (Joe Brady)
180,Carolina Panthers,CAR,DST,Tier 8,,VORP: -0.3 | Proj: 93.9pts | Scheme: Dave Canales/Idzik
181,Trey Smack,GB,K,Tier 8,,VORP: -0.4 | Proj: 127.0pts | ⭐ Top-10 Eco (Matt LaFleur) • ⚠️ Bad OL (#27)
182,Chase McLaughlin,TB,K,Tier 8,,VORP: -0.5 | Proj: 126.9pts | Scheme: Zac Robinson • 🛡️ Top-5 OL (#5)
183,Rashid Shaheed,SEA,WR,Tier 8,,VORP: -32.1 | Proj: 106.7pts | Scheme: Brian Fleury • 🚨 2-WR Bench Risk (47%)
184,Greg Dulcich,MIA,TE,Tier 8,TARGET,👑[THE TWELVE] | VORP: -32.1 | Proj: 83.8pts | ⭐ Top-10 Eco (Bobby Slowik) • ⚠️ Bad OL (#30) • 🎯 Pass-Funnel RZ (59% Pass)
185,Dontayvion Wicks,PHI,WR,Tier 8,,VORP: -33.5 | Proj: 105.3pts | ⭐ Top-10 Eco (Sean Mannion) • 🛡️ Top-5 OL (#2)
186,Jacory Croskey-Merritt,WAS,RB,Tier 8,AVOID,⚠️[PASS/CAUTION] | VORP: -34.2 | Proj: 112.2pts | Scheme: David Blough • ⚠️ Bad OL (#25) • ⚠️ Committee Trap
187,Caleb Douglas,MIA,WR,Tier 8,,VORP: -35.4 | Proj: 103.3pts | ⭐ Top-10 Eco (Bobby Slowik) • ⚠️ Bad OL (#30) • 🎯 Pass-Funnel RZ (59% Pass)
188,Jerry Jeudy,CLE,WR,Tier 8,,VORP: -36.7 | Proj: 102.1pts | Scheme: Todd Monken • ⚠️ Bad OL (#32) • 🚨 2-WR Bench Risk (47%)
189,Jalen McMillan,TB,WR,Tier 8,,VORP: -37.6 | Proj: 101.2pts | Scheme: Zac Robinson • 🛡️ Top-5 OL (#5) • 🎯 Pass-Funnel RZ (60% Pass) • ⚡ 3-WR Slot Heavy (27%)
190,Jacoby Brissett,ARI,QB,Tier 8,,VORP: -38.4 | Proj: 222.9pts | Scheme: Mike LaFleur • OL #20
191,Bryce Young,CAR,QB,Tier 8,,VORP: -38.5 | Proj: 222.7pts | Scheme: Dave Canales/Idzik • OL #8 • 💰 Contract Yr
192,Tyjae Spears,TEN,RB,Tier 8,,VORP: -38.9 | Proj: 107.4pts | Scheme: Brian Daboll • ⚠️ Bad OL (#31)
193,DeMario Douglas,NE,WR,Tier 8,,VORP: -39.0 | Proj: 99.8pts | Scheme: Josh McDaniels
194,Terrance Ferguson,LAR,TE,Tier 8,,VORP: -39.0 | Proj: 75.7pts | ⭐ Top-10 Eco (Sean McVay) • 🛡️ Top-5 OL (#3) • 🎯 Pass-Funnel RZ (58% Pass) • 🎯 90%+ Route Snaps (40% 12p)
195,Colby Parkinson,LAR,TE,Tier 8,,VORP: -39.1 | Proj: 75.6pts | ⭐ Top-10 Eco (Sean McVay) • 🛡️ Top-5 OL (#3) • 🎯 Pass-Funnel RZ (58% Pass) • 🎯 90%+ Route Snaps (40% 12p)
196,Mike Gesicki,CIN,TE,Tier 8,,VORP: -39.9 | Proj: 74.6pts | ⭐ Top-10 Eco (Zac Taylor) • ⚠️ Bad OL (#28) • 🎯 Pass-Funnel RZ (65% Pass)
197,Rashod Bateman,BAL,WR,Tier 8,,VORP: -41.0 | Proj: 97.8pts | ⭐ Top-10 Eco (Declan Doyle) • ⚠️ Bad OL (#26) • 🚨 2-WR Bench Risk (60%)
198,Geno Smith,NYJ,QB,Tier 8,,VORP: -41.2 | Proj: 219.2pts | Scheme: Frank Reich • OL #17
199,Aaron Rodgers,PIT,QB,Tier 8,,VORP: -41.5 | Proj: 218.8pts | Scheme: Mike McCarthy • OL #19
200,Malik Washington,MIA,WR,Tier 8,,VORP: -41.6 | Proj: 97.2pts | ⭐ Top-10 Eco (Bobby Slowik) • ⚠️ Bad OL (#30) • 🎯 Pass-Funnel RZ (59% Pass)
201,Oronde Gadsden II,LAC,TE,Tier 8,,VORP: -42.2 | Proj: 71.9pts | Scheme: Mike McDaniel
202,Cam Ward,TEN,QB,Tier 8,,VORP: -42.4 | Proj: 217.6pts | Scheme: Brian Daboll • ⚠️ Bad OL (#31) • 🔥 Breakout Catalyst
203,Denzel Boston,CLE,WR,Tier 8,,VORP: -43.1 | Proj: 95.7pts | Scheme: Todd Monken • ⚠️ Bad OL (#32) • 🚨 2-WR Bench Risk (47%)
204,Mason Taylor,NYJ,TE,Tier 8,,VORP: -44.0 | Proj: 69.8pts | Scheme: Frank Reich
205,Michael Mayer,LV,TE,Tier 8,,VORP: -45.1 | Proj: 68.5pts | Scheme: Klint Kubiak • 🎯 90%+ Route Snaps (40% 12p)
206,Jauan Jennings,MIN,WR,Tier 8,,VORP: -45.4 | Proj: 93.4pts | Scheme: Kevin O'Connell • 🎯 Pass-Funnel RZ (58% Pass)
207,Zach Charbonnet,SEA,RB,Tier 8,SLEEPER,⭐[TOP-10 ECO VALUE] | VORP: -45.8 | Proj: 100.5pts | ⭐ Top-10 Eco (Brian Fleury) • OL #14
208,Tre' Harris,LAC,WR,Tier 8,,VORP: -47.0 | Proj: 91.8pts | Scheme: Mike McDaniel • ⚡ 3-WR Slot Heavy (19%)
209,Theo Johnson,NYG,TE,Tier 8,,VORP: -47.0 | Proj: 66.3pts | Scheme: Matt Nagy
210,Kayshon Boutte,HOU,WR,Tier 8,,VORP: -47.7 | Proj: 91.1pts | ⭐ Top-10 Eco (Nick Caley) • ⚠️ Bad OL (#29) • 🎯 Pass-Funnel RZ (57% Pass) • ⚡ 3-WR Slot Heavy (14%)
211,Darnell Washington,PIT,TE,Tier 8,,VORP: -48.5 | Proj: 64.5pts | Scheme: Mike McCarthy • 🎯 90%+ Route Snaps (41% 12p)
212,Cole Kmet,CHI,TE,Tier 8,,VORP: -49.5 | Proj: 63.3pts | Scheme: Ben Johnson • 🛡️ Top-5 OL (#4) • 🎯 Pass-Heavy RZ (Ben Johnson) • 🎯 90%+ Route Snaps (41% 12p)
213,Dawson Knox,BUF,TE,Tier 8,,VORP: -49.6 | Proj: 63.2pts | ⭐ Top-10 Eco (Joe Brady) • 🎯 Pass-Funnel RZ (58% Pass)
214,Justice Hill,BAL,RB,Tier 8,,VORP: -49.7 | Proj: 96.6pts | ⭐ Top-10 Eco (Declan Doyle) • ⚠️ Bad OL (#26) • 👑 Elite GL Run (72% Run - Henry/Lamar TDs)
215,Adonai Mitchell,NYJ,WR,Tier 8,,VORP: -49.8 | Proj: 89.0pts | Scheme: Frank Reich • ⚡ 3-WR Slot Heavy (24%)
216,Jordyn Tyson,NO,WR,Tier 8,AVOID,🚫[AVOID/FADE] | VORP: -50.1 | Proj: 88.7pts | Scheme: Kellen Moore • ⚡ 3-WR Slot Heavy (25%)
217,Devaughn Vele,NO,WR,Tier 8,,VORP: -50.2 | Proj: 88.6pts | Scheme: Kellen Moore • ⚡ 3-WR Slot Heavy (25%)
218,Isiah Pacheco,DET,RB,Tier 8,,VORP: -50.3 | Proj: 96.0pts | ⭐ Top-10 Eco (Drew Petzing) • OL #16 • 👑 Elite GL Run (74% Run - Gibbs/Monty TDs)
219,Keaton Mitchell,LAC,RB,Tier 8,TARGET,🎯[SMASH TARGET] | VORP: -50.3 | Proj: 96.0pts | Scheme: Mike McDaniel • OL #9 • 👑 Elite GL Run (71% Run - Hampton TDs)
220,Calvin Ridley,TEN,WR,Tier 8,,VORP: -50.8 | Proj: 87.9pts | Scheme: Brian Daboll • ⚠️ Bad OL (#31) • ⚡ 3-WR Slot Heavy (20%)
221,Woody Marks,HOU,RB,Tier 8,,VORP: -51.1 | Proj: 95.3pts | ⭐ Top-10 Eco (Nick Caley) • ⚠️ Bad OL (#29)
222,De'Zhaun Stribling,SF,WR,Tier 8,TARGET,🎯[SMASH TARGET] | VORP: -51.4 | Proj: 87.4pts | ⭐ Top-10 Eco (Kyle Shanahan) • 🚨 2-WR Bench Risk (48%)
223,David Njoku,LAC,TE,Tier 8,,VORP: -52.4 | Proj: 59.9pts | Scheme: Mike McDaniel
224,Darren Waller,CAR,TE,Tier 8,,VORP: -53.2 | Proj: 59.0pts | Scheme: Dave Canales/Idzik
225,Erick All Jr.,CIN,TE,Tier 8,,VORP: -54.3 | Proj: 57.6pts | ⭐ Top-10 Eco (Zac Taylor) • ⚠️ Bad OL (#28) • 🎯 Pass-Funnel RZ (65% Pass)
226,Noah Gray,KC,TE,Tier 8,,VORP: -54.8 | Proj: 57.1pts | ⭐ Top-10 Eco (Andy Reid) • 🎯 Pass-Funnel RZ (63% Pass)
227,Malachi Fields,NYG,WR,Tier 8,,VORP: -56.1 | Proj: 82.7pts | Scheme: Matt Nagy
228,Tyler Higbee,LAR,TE,Tier 8,,VORP: -56.2 | Proj: 55.4pts | ⭐ Top-10 Eco (Sean McVay) • 🛡️ Top-5 OL (#3) • 🎯 Pass-Funnel RZ (58% Pass) • 🎯 90%+ Route Snaps (40% 12p)
229,Jordan Mason,MIN,RB,Tier 8,,VORP: -56.5 | Proj: 89.8pts | Scheme: Kevin O'Connell • OL #12 • ⚠️ Committee Trap
230,Chris Rodriguez Jr.,JAC,RB,Tier 8,,VORP: -56.5 | Proj: 89.8pts | Scheme: Liam Coen • OL #23
231,Dylan Sampson,CLE,RB,Tier 8,,VORP: -56.9 | Proj: 89.4pts | Scheme: Todd Monken • ⚠️ Bad OL (#32)
232,Tyquan Thornton,KC,WR,Tier 8,,VORP: -58.3 | Proj: 80.4pts | ⭐ Top-10 Eco (Andy Reid) • 🎯 Pass-Funnel RZ (63% Pass)
233,Pat Bryant,DEN,WR,Tier 8,,VORP: -58.7 | Proj: 80.1pts | Scheme: Sean Payton/Webb • 🛡️ Top-5 OL (#1) • 🎯 Pass-Funnel RZ (Sean Payton) • ⚡ 3-WR Slot Heavy (17%)
234,Tyler Allgeier,ARI,RB,Tier 8,,VORP: -58.8 | Proj: 87.5pts | Scheme: Mike LaFleur • OL #20
235,Omar Cooper Jr.,NYJ,WR,Tier 8,,VORP: -58.9 | Proj: 79.9pts | Scheme: Frank Reich • ⚡ 3-WR Slot Heavy (24%)
236,KaVontae Turpin,DAL,WR,Tier 8,,VORP: -59.0 | Proj: 79.8pts | ⭐ Top-10 Eco (Brian Schottenheimer) • 🎯 Pass-Funnel RZ (61% Pass) • ⚡ 3-WR Slot Heavy (26%)
237,Chris Bell,MIA,WR,Tier 8,,VORP: -59.1 | Proj: 79.6pts | ⭐ Top-10 Eco (Bobby Slowik) • ⚠️ Bad OL (#30) • 🎯 Pass-Funnel RZ (59% Pass)
238,Elijah Arroyo,SEA,TE,Tier 8,,VORP: -59.2 | Proj: 51.9pts | Scheme: Brian Fleury • 🎯 90%+ Route Snaps (47% 12p)
239,Andrei Iosivas,CIN,WR,Tier 8,,VORP: -59.7 | Proj: 79.1pts | ⭐ Top-10 Eco (Zac Taylor) • ⚠️ Bad OL (#28) • 🎯 Pass-Funnel RZ (65% Pass)
240,Noah Fant,NO,TE,Tier 8,,VORP: -60.8 | Proj: 50.0pts | Scheme: Kellen Moore
241,Travis Hunter,JAC,WR,Tier 8,,VORP: -61.1 | Proj: 77.7pts | Scheme: Liam Coen • 🎯 Pass-Heavy RZ (Liam Coen) • ⚡ 3-WR Slot Heavy (25%)
242,Jaylin Noel,HOU,WR,Tier 8,,VORP: -62.0 | Proj: 76.8pts | ⭐ Top-10 Eco (Nick Caley) • ⚠️ Bad OL (#29) • 🎯 Pass-Funnel RZ (57% Pass) • ⚡ 3-WR Slot Heavy (14%)
243,Tank Dell,HOU,WR,Tier 8,,VORP: -62.5 | Proj: 76.2pts | ⭐ Top-10 Eco (Nick Caley) • ⚠️ Bad OL (#29) • 🎯 Pass-Funnel RZ (57% Pass) • ⚡ 3-WR Slot Heavy (14%) • 💰 Contract Yr
244,Ja'Kobi Lane,BAL,WR,Tier 8,,VORP: -62.7 | Proj: 76.1pts | ⭐ Top-10 Eco (Declan Doyle) • ⚠️ Bad OL (#26) • 🚨 2-WR Bench Risk (60%)
245,Samaje Perine,CIN,RB,Tier 8,,VORP: -63.1 | Proj: 83.3pts | ⭐ Top-10 Eco (Zac Taylor) • ⚠️ Bad OL (#28)
246,Kendrick Bourne,ARI,WR,Tier 8,,VORP: -63.7 | Proj: 75.1pts | Scheme: Mike LaFleur
247,Brian Robinson Jr.,ATL,RB,Tier 8,,VORP: -64.0 | Proj: 82.3pts | Scheme: Kevin Stefanski/Rees • OL #11 • 👑 Elite GL Run (70% Run - Bijan TDs)
248,Troy Franklin,DEN,WR,Tier 8,,VORP: -65.7 | Proj: 73.1pts | Scheme: Sean Payton/Webb • 🛡️ Top-5 OL (#1) • 🎯 Pass-Funnel RZ (Sean Payton) • ⚡ 3-WR Slot Heavy (17%)
249,Xavier Legette,CAR,WR,Tier 8,,VORP: -65.7 | Proj: 73.1pts | Scheme: Dave Canales/Idzik
250,Darius Slayton,NYG,WR,Tier 8,,VORP: -65.7 | Proj: 73.0pts | Scheme: Matt Nagy
251,Marvin Mims Jr.,DEN,WR,Tier 8,,VORP: -66.0 | Proj: 72.8pts | Scheme: Sean Payton/Webb • 🛡️ Top-5 OL (#1) • 🎯 Pass-Funnel RZ (Sean Payton) • ⚡ 3-WR Slot Heavy (17%)
252,Ty Johnson,BUF,RB,Tier 8,,VORP: -66.1 | Proj: 80.2pts | ⭐ Top-10 Eco (Joe Brady) • OL #7
253,Mike Washington Jr.,LV,RB,Tier 8,,VORP: -66.5 | Proj: 79.8pts | Scheme: Klint Kubiak • OL #24
254,Isaac TeSlaa,DET,WR,Tier 8,,VORP: -66.7 | Proj: 72.1pts | ⭐ Top-10 Eco (Drew Petzing)
255,Elijah Higgins,ARI,TE,Tier 8,,VORP: -66.9 | Proj: 42.8pts | Scheme: Mike LaFleur
256,Jahan Dotson,ATL,WR,Tier 8,,VORP: -67.1 | Proj: 71.7pts | Scheme: Kevin Stefanski/Rees • 🚨 2-WR Bench Risk (54%)
257,Daniel Bellinger,TEN,TE,Tier 8,,VORP: -67.7 | Proj: 41.9pts | Scheme: Brian Daboll • ⚠️ Bad OL (#31)
258,Jake Tonges,SF,TE,Tier 8,,VORP: -67.9 | Proj: 41.7pts | ⭐ Top-10 Eco (Kyle Shanahan) • 🎯 90%+ Route Snaps (48% 12p)
259,Germie Bernard,PIT,WR,Tier 8,,VORP: -68.7 | Proj: 70.0pts | Scheme: Mike McCarthy
260,Austin Hooper,ATL,TE,Tier 8,,VORP: -68.9 | Proj: 40.6pts | Scheme: Kevin Stefanski/Rees • 🎯 90%+ Route Snaps (54% 12p)
261,Oscar Delp,NO,TE,Tier 8,,VORP: -70.0 | Proj: 39.2pts | Scheme: Kellen Moore
262,Tanner Hudson,CIN,TE,Tier 8,,VORP: -70.4 | Proj: 38.8pts | ⭐ Top-10 Eco (Zac Taylor) • ⚠️ Bad OL (#28) • 🎯 Pass-Funnel RZ (65% Pass)
263,Ted Hurst III,TB,WR,Tier 8,,VORP: -70.5 | Proj: 68.2pts | Scheme: Zac Robinson • 🛡️ Top-5 OL (#5) • 🎯 Pass-Funnel RZ (60% Pass) • ⚡ 3-WR Slot Heavy (27%)
264,Keon Coleman,BUF,WR,Tier 8,,VORP: -71.6 | Proj: 67.2pts | ⭐ Top-10 Eco (Joe Brady) • 🎯 Pass-Funnel RZ (58% Pass) • ⚡ 3-WR Slot Heavy (24%)
265,Alvin Kamara,NO,RB,Tier 8,,VORP: -72.2 | Proj: 74.1pts | Scheme: Kellen Moore • OL #22
266,Tommy Tremble,CAR,TE,Tier 8,,VORP: -72.5 | Proj: 36.3pts | Scheme: Dave Canales/Idzik
267,Tyrone Tracy Jr.,NYG,RB,Tier 8,,VORP: -72.7 | Proj: 73.6pts | Scheme: Matt Nagy • OL #18
268,Zachariah Branch,ATL,WR,Tier 8,,VORP: -72.8 | Proj: 65.9pts | Scheme: Kevin Stefanski/Rees • 🚨 2-WR Bench Risk (54%)
269,Deshaun Watson,CLE,QB,Tier 8,,VORP: -72.9 | Proj: 176.9pts | Scheme: Todd Monken • ⚠️ Bad OL (#32)
270,Drew Sample,CIN,TE,Tier 8,,VORP: -73.0 | Proj: 35.7pts | ⭐ Top-10 Eco (Zac Taylor) • ⚠️ Bad OL (#28) • 🎯 Pass-Funnel RZ (65% Pass)
271,Xavier Hutchinson,HOU,WR,Tier 8,,VORP: -73.3 | Proj: 65.5pts | ⭐ Top-10 Eco (Nick Caley) • ⚠️ Bad OL (#29) • 🎯 Pass-Funnel RZ (57% Pass) • ⚡ 3-WR Slot Heavy (14%)
272,Adam Trautman,DEN,TE,Tier 8,,VORP: -73.4 | Proj: 35.2pts | Scheme: Sean Payton/Webb • 🛡️ Top-5 OL (#1) • 🎯 Pass-Funnel RZ (Sean Payton)
273,MarShawn Lloyd,GB,RB,Tier 8,,VORP: -73.6 | Proj: 72.7pts | ⭐ Top-10 Eco (Matt LaFleur) • ⚠️ Bad OL (#27) • 👑 Elite GL Run (67% Run - Jacobs TDs)
274,Marlin Klein,HOU,TE,Tier 8,,VORP: -74.1 | Proj: 34.4pts | ⭐ Top-10 Eco (Nick Caley) • ⚠️ Bad OL (#29) • 🎯 Pass-Funnel RZ (57% Pass)
275,Jonah Coleman,DEN,RB,Tier 8,TARGET,🎯[SMASH TARGET] | VORP: -74.7 | Proj: 71.7pts | Scheme: Sean Payton/Webb • 🛡️ Top-5 OL (#1)
276,John Bates,WAS,TE,Tier 8,,VORP: -74.7 | Proj: 33.7pts | Scheme: David Blough • ⚠️ Bad OL (#25)
277,Elic Ayomanor,TEN,WR,Tier 8,,VORP: -75.3 | Proj: 63.5pts | Scheme: Brian Daboll • ⚠️ Bad OL (#31) • ⚡ 3-WR Slot Heavy (20%)
278,Josh Oliver,MIN,TE,Tier 8,,VORP: -75.3 | Proj: 33.0pts | Scheme: Kevin O'Connell • 🎯 Pass-Funnel RZ (58% Pass)
279,Will Kacmarek,MIA,TE,Tier 8,,VORP: -75.5 | Proj: 32.7pts | ⭐ Top-10 Eco (Bobby Slowik) • ⚠️ Bad OL (#30) • 🎯 Pass-Funnel RZ (59% Pass)
280,Kalif Raymond,CHI,WR,Tier 8,,VORP: -75.8 | Proj: 62.9pts | Scheme: Ben Johnson • 🛡️ Top-5 OL (#4) • 🎯 Pass-Heavy RZ (Ben Johnson)
281,Luke Musgrave,GB,TE,Tier 8,,VORP: -76.1 | Proj: 32.0pts | ⭐ Top-10 Eco (Matt LaFleur) • ⚠️ Bad OL (#27)
282,Eli Raridon,NE,TE,Tier 8,,VORP: -76.3 | Proj: 31.8pts | Scheme: Josh McDaniels
283,Eli Stowers,PHI,TE,Tier 8,,VORP: -76.4 | Proj: 31.7pts | ⭐ Top-10 Eco (Sean Mannion) • 🛡️ Top-5 OL (#2)
284,Ja'Tavion Sanders,CAR,TE,Tier 8,,VORP: -76.9 | Proj: 31.1pts | Scheme: Dave Canales/Idzik
285,Jaydon Blue,DAL,RB,Tier 8,,VORP: -77.1 | Proj: 69.2pts | ⭐ Top-10 Eco (Brian Schottenheimer) • OL #15
286,Tory Horton,SEA,WR,Tier 8,,VORP: -77.5 | Proj: 61.3pts | Scheme: Brian Fleury • 🚨 2-WR Bench Risk (47%)
287,Ben Sinnott,WAS,TE,Tier 8,,VORP: -77.8 | Proj: 30.1pts | Scheme: David Blough • ⚠️ Bad OL (#25)
288,Tommy Myers,FA,TE,Tier 8,,VORP: -79.3 | Proj: 28.3pts | Scheme: nan
289,Jalen Tolbert,MIA,WR,Tier 8,,VORP: -79.7 | Proj: 59.1pts | ⭐ Top-10 Eco (Bobby Slowik) • ⚠️ Bad OL (#30) • 🎯 Pass-Funnel RZ (59% Pass)
290,Jack Bech,LV,WR,Tier 8,,VORP: -80.9 | Proj: 57.9pts | Scheme: Klint Kubiak
291,Joshua Palmer,BUF,WR,Tier 8,,VORP: -81.3 | Proj: 57.5pts | ⭐ Top-10 Eco (Joe Brady) • 🎯 Pass-Funnel RZ (58% Pass) • ⚡ 3-WR Slot Heavy (24%)
292,Cyrus Allen,KC,WR,Tier 8,,VORP: -81.8 | Proj: 57.0pts | ⭐ Top-10 Eco (Andy Reid) • 🎯 Pass-Funnel RZ (63% Pass)
293,Cade Stover,HOU,TE,Tier 8,,VORP: -81.8 | Proj: 25.4pts | ⭐ Top-10 Eco (Nick Caley) • ⚠️ Bad OL (#29) • 🎯 Pass-Funnel RZ (57% Pass)
294,Jackson Hawes,BUF,TE,Tier 8,,VORP: -81.9 | Proj: 25.2pts | ⭐ Top-10 Eco (Joe Brady) • 🎯 Pass-Funnel RZ (58% Pass)
295,Tyreek Hill,FA,WR,Tier 8,,VORP: -82.5 | Proj: 56.3pts | Scheme: nan
296,Luke Schoonmaker,DAL,TE,Tier 8,,VORP: -82.7 | Proj: 24.2pts | ⭐ Top-10 Eco (Brian Schottenheimer) • 🎯 Pass-Funnel RZ (61% Pass)
297,Nate Boerkircher,JAC,TE,Tier 8,,VORP: -82.9 | Proj: 24.0pts | Scheme: Liam Coen • 🎯 Pass-Heavy RZ (Liam Coen)
298,Tank Bigsby,PHI,RB,Tier 8,,VORP: -83.1 | Proj: 63.3pts | ⭐ Top-10 Eco (Sean Mannion) • 🛡️ Top-5 OL (#2) • 👑 Elite GL Run (78% Run - Saquon/Hurts TDs)
299,Brandon Aiyuk,SF,WR,Tier 8,,VORP: -83.7 | Proj: 55.0pts | ⭐ Top-10 Eco (Kyle Shanahan) • 🚨 2-WR Bench Risk (48%)
300,Matt Hibner,BAL,TE,Tier 8,,VORP: -84.0 | Proj: 22.8pts | ⭐ Top-10 Eco (Declan Doyle) • ⚠️ Bad OL (#26) • 🎯 90%+ Route Snaps (60% 12p)
301,Taysom Hill,FA,TE,Tier 8,,VORP: -84.1 | Proj: 22.7pts | Scheme: nan
302,Michael Trigg,DAL,TE,Tier 8,,VORP: -84.1 | Proj: 22.7pts | ⭐ Top-10 Eco (Brian Schottenheimer) • 🎯 Pass-Funnel RZ (61% Pass)
303,Najee Harris,NYG,RB,Tier 8,,VORP: -85.0 | Proj: 61.4pts | Scheme: Matt Nagy • OL #18
304,Luke McCaffrey,WAS,WR,Tier 8,,VORP: -85.3 | Proj: 53.5pts | Scheme: David Blough • ⚠️ Bad OL (#25)
305,Chimere Dike,TEN,WR,Tier 8,,VORP: -85.7 | Proj: 53.1pts | Scheme: Brian Daboll • ⚠️ Bad OL (#31) • ⚡ 3-WR Slot Heavy (20%)
306,Zach Ertz,FA,TE,Tier 8,,VORP: -86.4 | Proj: 19.9pts | Scheme: nan
307,Max Klare,LAR,TE,Tier 8,,VORP: -87.0 | Proj: 19.2pts | ⭐ Top-10 Eco (Sean McVay) • 🛡️ Top-5 OL (#3) • 🎯 Pass-Funnel RZ (58% Pass) • 🎯 90%+ Route Snaps (40% 12p)
308,Braelon Allen,NYJ,RB,Tier 8,,VORP: -87.9 | Proj: 58.4pts | Scheme: Frank Reich • OL #17
309,Mitchell Evans,CAR,TE,Tier 8,,VORP: -88.9 | Proj: 17.0pts | Scheme: Dave Canales/Idzik
310,Darnell Mooney,NYG,WR,Tier 8,,VORP: -88.9 | Proj: 49.9pts | Scheme: Matt Nagy
311,Jacob Cowing,SF,WR,Tier 8,,VORP: -89.1 | Proj: 49.7pts | ⭐ Top-10 Eco (Kyle Shanahan) • 🚨 2-WR Bench Risk (48%)
312,Chris Brazzell II,CAR,WR,Tier 8,,VORP: -89.3 | Proj: 49.5pts | Scheme: Dave Canales/Idzik
313,George Holani,SEA,RB,Tier 8,,VORP: -89.4 | Proj: 56.9pts | Scheme: Brian Fleury • OL #14
314,Emmett Johnson,KC,RB,Tier 8,,VORP: -89.8 | Proj: 56.5pts | ⭐ Top-10 Eco (Andy Reid) • OL #21
315,LeQuint Allen Jr.,JAC,RB,Tier 8,,VORP: -89.9 | Proj: 56.4pts | Scheme: Liam Coen • OL #23
316,Treylon Burks,WAS,WR,Tier 8,,VORP: -90.9 | Proj: 47.9pts | Scheme: David Blough • ⚠️ Bad OL (#25)
317,Kevin Coleman Jr.,MIA,WR,Tier 8,,VORP: -90.9 | Proj: 47.8pts | ⭐ Top-10 Eco (Bobby Slowik) • ⚠️ Bad OL (#30) • 🎯 Pass-Funnel RZ (59% Pass)
318,Antonio Williams,WAS,WR,Tier 8,,VORP: -91.0 | Proj: 47.8pts | Scheme: David Blough • ⚠️ Bad OL (#25)
319,Christian Kirk,SF,WR,Tier 8,,VORP: -91.0 | Proj: 47.8pts | ⭐ Top-10 Eco (Kyle Shanahan) • 🚨 2-WR Bench Risk (48%)
320,Isaiah Davis,NYJ,RB,Tier 8,,VORP: -91.2 | Proj: 55.2pts | Scheme: Frank Reich • OL #17
321,Ray Davis,BUF,RB,Tier 8,TARGET,🎯[SMASH TARGET] | VORP: -91.2 | Proj: 55.1pts | ⭐ Top-10 Eco (Joe Brady) • OL #7
322,Trey Benson,ARI,RB,Tier 8,,VORP: -91.3 | Proj: 55.1pts | Scheme: Mike LaFleur • OL #20
323,Jaylen Wright,MIA,RB,Tier 8,,VORP: -92.8 | Proj: 53.5pts | ⭐ Top-10 Eco (Bobby Slowik) • ⚠️ Bad OL (#30)
324,Malik Davis,DAL,RB,Tier 8,,VORP: -93.4 | Proj: 53.0pts | ⭐ Top-10 Eco (Brian Schottenheimer) • OL #15
325,Mack Hollins,NE,WR,Tier 8,,VORP: -93.5 | Proj: 45.3pts | Scheme: Josh McDaniels
326,Ashton Dulin,IND,WR,Tier 8,,VORP: -94.2 | Proj: 44.6pts | Scheme: Shane Steichen
327,Devontez Walker,BAL,WR,Tier 8,,VORP: -94.5 | Proj: 44.3pts | ⭐ Top-10 Eco (Declan Doyle) • ⚠️ Bad OL (#26) • 🚨 2-WR Bench Risk (60%)
328,Emari Demercado,KC,RB,Tier 8,,VORP: -94.6 | Proj: 51.7pts | ⭐ Top-10 Eco (Andy Reid) • OL #21
329,Olamide Zaccheaus,ATL,WR,Tier 8,,VORP: -95.1 | Proj: 43.7pts | Scheme: Kevin Stefanski/Rees • 🚨 2-WR Bench Risk (54%)
330,Chris Brooks,GB,RB,Tier 8,,VORP: -95.2 | Proj: 51.1pts | ⭐ Top-10 Eco (Matt LaFleur) • ⚠️ Bad OL (#27) • 👑 Elite GL Run (67% Run - Jacobs TDs)
331,Kaytron Allen,WAS,RB,Tier 8,,VORP: -95.4 | Proj: 51.0pts | Scheme: David Blough • ⚠️ Bad OL (#25)
332,Lew Nichols III,PIT,RB,Tier 8,,VORP: -96.6 | Proj: 49.7pts | Scheme: Mike McCarthy • OL #19
333,Cash Jones,ATL,RB,Tier 8,,VORP: -96.6 | Proj: 49.7pts | Scheme: Kevin Stefanski/Rees • OL #11 • 👑 Elite GL Run (70% Run - Bijan TDs)
334,Miles Sanders,FA,RB,Tier 8,,VORP: -96.6 | Proj: 49.7pts | Scheme: nan • OL #16
335,Jaydn Ott,KC,RB,Tier 8,,VORP: -96.6 | Proj: 49.7pts | ⭐ Top-10 Eco (Andy Reid) • OL #21
336,Kenny McIntosh,FA,RB,Tier 8,,VORP: -96.6 | Proj: 49.7pts | Scheme: nan • OL #16
337,Ty Chandler,NO,RB,Tier 8,,VORP: -96.6 | Proj: 49.7pts | Scheme: Kellen Moore • OL #22
338,Kene Nwangwu,NYJ,RB,Tier 8,,VORP: -96.6 | Proj: 49.7pts | Scheme: Frank Reich • OL #17
339,Miles Davis,CAR,RB,Tier 8,,VORP: -96.6 | Proj: 49.7pts | Scheme: Dave Canales/Idzik • OL #8
340,Malik Benson,LV,WR,Tier 8,,VORP: -96.7 | Proj: 42.1pts | Scheme: Klint Kubiak
341,Kyle Williams,NE,WR,Tier 8,,VORP: -97.0 | Proj: 41.8pts | Scheme: Josh McDaniels
342,Jamal Haynes,CIN,RB,Tier 8,,VORP: -97.0 | Proj: 49.3pts | ⭐ Top-10 Eco (Zac Taylor) • ⚠️ Bad OL (#28)
343,Noah Whittington,HOU,RB,Tier 8,,VORP: -97.0 | Proj: 49.3pts | ⭐ Top-10 Eco (Nick Caley) • ⚠️ Bad OL (#29)
344,Kalel Mullings,TEN,RB,Tier 8,,VORP: -97.0 | Proj: 49.3pts | Scheme: Brian Daboll • ⚠️ Bad OL (#31)
345,Demond Claiborne,MIN,RB,Tier 8,,VORP: -97.3 | Proj: 49.0pts | Scheme: Kevin O'Connell • OL #12
346,Tanner Koziol,JAC,TE,Tier 8,,VORP: -97.8 | Proj: 6.6pts | Scheme: Liam Coen • 🎯 Pass-Heavy RZ (Liam Coen)
347,Sam Roush,CHI,TE,Tier 8,,VORP: -97.8 | Proj: 6.6pts | Scheme: Ben Johnson • 🛡️ Top-5 OL (#4) • 🎯 Pass-Heavy RZ (Ben Johnson) • 🎯 90%+ Route Snaps (41% 12p)
348,Justin Joly,DEN,TE,Tier 8,,VORP: -97.8 | Proj: 6.6pts | Scheme: Sean Payton/Webb • 🛡️ Top-5 OL (#1) • 🎯 Pass-Funnel RZ (Sean Payton)
349,Hollywood Brown,PHI,WR,Tier 8,,VORP: -98.5 | Proj: 40.3pts | ⭐ Top-10 Eco (Sean Mannion) • 🛡️ Top-5 OL (#2)
350,Fernando Mendoza,LV,QB,Tier 8,,VORP: -98.9 | Proj: 142.2pts | Scheme: Klint Kubiak • OL #24
351,John Metchie III,CAR,WR,Tier 8,,VORP: -99.0 | Proj: 39.8pts | Scheme: Dave Canales/Idzik
352,James Conner,ARI,RB,Tier 8,,VORP: -99.2 | Proj: 47.2pts | Scheme: Mike LaFleur • OL #20
353,Brenen Thompson,LAC,WR,Tier 8,,VORP: -99.9 | Proj: 38.9pts | Scheme: Mike McDaniel • ⚡ 3-WR Slot Heavy (19%)
354,Jonnu Smith,FA,TE,Tier 8,,VORP: -100.0 | Proj: 3.9pts | Scheme: nan
355,Roman Wilson,PIT,WR,Tier 8,,VORP: -100.5 | Proj: 38.3pts | Scheme: Mike McCarthy
356,Kaelon Black,SF,RB,Tier 8,,VORP: -101.9 | Proj: 44.4pts | ⭐ Top-10 Eco (Kyle Shanahan) • OL #6 • 👑 Elite GL Run (68% Run - CMC TDs)
357,Konata Mumpfield,LAR,WR,Tier 8,,VORP: -102.3 | Proj: 36.5pts | ⭐ Top-10 Eco (Sean McVay) • 🛡️ Top-5 OL (#3) • 🎯 Pass-Funnel RZ (58% Pass)
358,Adam Randall,BAL,RB,Tier 8,,VORP: -102.6 | Proj: 43.7pts | ⭐ Top-10 Eco (Declan Doyle) • ⚠️ Bad OL (#26) • 👑 Elite GL Run (72% Run - Henry/Lamar TDs)
359,Colbie Young,CIN,WR,Tier 8,,VORP: -103.3 | Proj: 35.5pts | ⭐ Top-10 Eco (Zac Taylor) • ⚠️ Bad OL (#28) • 🎯 Pass-Funnel RZ (65% Pass)
360,Zavion Thomas,CHI,WR,Tier 8,,VORP: -104.5 | Proj: 34.2pts | Scheme: Ben Johnson • 🛡️ Top-5 OL (#4) • 🎯 Pass-Heavy RZ (Ben Johnson)
361,Ollie Gordon II,MIA,RB,Tier 8,,VORP: -104.6 | Proj: 41.7pts | ⭐ Top-10 Eco (Bobby Slowik) • ⚠️ Bad OL (#30)
362,Jordan James,SF,RB,Tier 8,,VORP: -105.0 | Proj: 41.3pts | ⭐ Top-10 Eco (Kyle Shanahan) • OL #6 • 👑 Elite GL Run (68% Run - CMC TDs)
363,Jordan Whittington,LAR,WR,Tier 8,,VORP: -105.5 | Proj: 33.3pts | ⭐ Top-10 Eco (Sean McVay) • 🛡️ Top-5 OL (#3) • 🎯 Pass-Funnel RZ (58% Pass)
364,Brashard Smith,KC,RB,Tier 8,,VORP: -105.6 | Proj: 40.8pts | ⭐ Top-10 Eco (Andy Reid) • OL #21
365,Kimani Vidal,LAC,RB,Tier 8,,VORP: -105.8 | Proj: 40.5pts | Scheme: Mike McDaniel • OL #9 • 👑 Elite GL Run (71% Run - Hampton TDs)
366,Dyami Brown,WAS,WR,Tier 8,,VORP: -106.1 | Proj: 32.6pts | Scheme: David Blough • ⚠️ Bad OL (#25)
367,Isaiah Bond,CLE,WR,Tier 8,,VORP: -106.6 | Proj: 32.2pts | Scheme: Todd Monken • ⚠️ Bad OL (#32) • 🚨 2-WR Bench Risk (47%)
368,Seth McGowan,IND,RB,Tier 8,,VORP: -107.0 | Proj: 39.3pts | Scheme: Shane Steichen • OL #10 • 👑 Elite GL Run (69% Run - JT TDs)
369,Bryce Lance,NO,WR,Tier 8,,VORP: -107.4 | Proj: 31.4pts | Scheme: Kellen Moore • ⚡ 3-WR Slot Heavy (25%)
370,Barion Brown,NO,WR,Tier 8,,VORP: -108.5 | Proj: 30.3pts | Scheme: Kellen Moore • ⚡ 3-WR Slot Heavy (25%)
371,Nicholas Singleton,TEN,RB,Tier 8,,VORP: -108.5 | Proj: 37.8pts | Scheme: Brian Daboll • ⚠️ Bad OL (#31)
372,Jahdae Walker,CHI,WR,Tier 8,,VORP: -108.6 | Proj: 30.2pts | Scheme: Ben Johnson • 🛡️ Top-5 OL (#4) • 🎯 Pass-Heavy RZ (Ben Johnson)
373,Tutu Atwell,MIA,WR,Tier 8,,VORP: -109.3 | Proj: 29.5pts | ⭐ Top-10 Eco (Bobby Slowik) • ⚠️ Bad OL (#30) • 🎯 Pass-Funnel RZ (59% Pass)
374,Skyler Bell,BUF,WR,Tier 8,,VORP: -109.4 | Proj: 29.4pts | ⭐ Top-10 Eco (Joe Brady) • 🎯 Pass-Funnel RZ (58% Pass) • ⚡ 3-WR Slot Heavy (24%)
375,Tez Johnson,TB,WR,Tier 8,,VORP: -110.5 | Proj: 28.3pts | Scheme: Zac Robinson • 🛡️ Top-5 OL (#5) • 🎯 Pass-Funnel RZ (60% Pass) • ⚡ 3-WR Slot Heavy (27%)
376,Sione Vaki,DET,RB,Tier 8,,VORP: -110.7 | Proj: 35.6pts | ⭐ Top-10 Eco (Drew Petzing) • OL #16 • 👑 Elite GL Run (74% Run - Gibbs/Monty TDs)
377,Savion Williams,GB,WR,Tier 8,,VORP: -111.0 | Proj: 27.8pts | ⭐ Top-10 Eco (Matt LaFleur) • ⚠️ Bad OL (#27)
378,Tai Felton,MIN,WR,Tier 8,,VORP: -111.0 | Proj: 27.8pts | Scheme: Kevin O'Connell • 🎯 Pass-Funnel RZ (58% Pass)
379,Tim Patrick,NYJ,WR,Tier 8,,VORP: -111.3 | Proj: 27.4pts | Scheme: Frank Reich • ⚡ 3-WR Slot Heavy (24%)
380,Deion Burks,IND,WR,Tier 8,,VORP: -111.5 | Proj: 27.2pts | Scheme: Shane Steichen
381,Demarcus Robinson,SF,WR,Tier 8,,VORP: -111.6 | Proj: 27.2pts | ⭐ Top-10 Eco (Kyle Shanahan) • 🚨 2-WR Bench Risk (48%)
382,Kyle Juszczyk,SF,RB,Tier 8,,VORP: -111.8 | Proj: 34.5pts | ⭐ Top-10 Eco (Kyle Shanahan) • OL #6 • 👑 Elite GL Run (68% Run - CMC TDs)
383,Michael Penix Jr.,ATL,QB,Tier 8,,VORP: -111.9 | Proj: 124.9pts | Scheme: Kevin Stefanski/Rees • OL #11
384,Cedric Tillman,CLE,WR,Tier 8,,VORP: -112.7 | Proj: 26.1pts | Scheme: Todd Monken • ⚠️ Bad OL (#32) • 🚨 2-WR Bench Risk (47%)
385,Frank Gore Jr.,BUF,RB,Tier 8,,VORP: -112.9 | Proj: 33.4pts | ⭐ Top-10 Eco (Joe Brady) • OL #7
386,Nick Westbrook-Ikhine,IND,WR,Tier 8,,VORP: -113.1 | Proj: 25.7pts | Scheme: Shane Steichen
387,Jimmy Horn Jr.,CAR,WR,Tier 8,,VORP: -113.6 | Proj: 25.2pts | Scheme: Dave Canales/Idzik
388,DJ Giddens,IND,RB,Tier 8,,VORP: -113.8 | Proj: 32.5pts | Scheme: Shane Steichen • OL #10 • 👑 Elite GL Run (69% Run - JT TDs)
389,Trevor Etienne,CAR,RB,Tier 8,,VORP: -114.1 | Proj: 32.3pts | Scheme: Dave Canales/Idzik • OL #8
390,Isaiah Williams,NYJ,WR,Tier 8,,VORP: -114.4 | Proj: 24.4pts | Scheme: Frank Reich • ⚡ 3-WR Slot Heavy (24%)
391,Raheim Sanders,CLE,RB,Tier 8,,VORP: -115.0 | Proj: 31.3pts | Scheme: Todd Monken • ⚠️ Bad OL (#32)
392,Tua Tagovailoa,ATL,QB,Tier 8,,VORP: -115.1 | Proj: 120.7pts | Scheme: Kevin Stefanski/Rees • OL #11
393,Tahj Brooks,CIN,RB,Tier 8,,VORP: -115.2 | Proj: 31.1pts | ⭐ Top-10 Eco (Zac Taylor) • ⚠️ Bad OL (#28)
394,Devin Singletary,NYG,RB,Tier 8,,VORP: -115.7 | Proj: 30.6pts | Scheme: Matt Nagy • OL #18
395,Elijah Sarratt,BAL,WR,Tier 8,,VORP: -116.0 | Proj: 22.8pts | ⭐ Top-10 Eco (Declan Doyle) • ⚠️ Bad OL (#26) • 🚨 2-WR Bench Risk (60%)
396,Greg Dortch,DET,WR,Tier 8,,VORP: -116.2 | Proj: 22.6pts | ⭐ Top-10 Eco (Drew Petzing)
397,Kirk Cousins,LV,QB,Tier 8,,VORP: -116.2 | Proj: 119.1pts | Scheme: Klint Kubiak • OL #24
398,Will Shipley,PHI,RB,Tier 8,,VORP: -116.3 | Proj: 30.0pts | ⭐ Top-10 Eco (Sean Mannion) • 🛡️ Top-5 OL (#2) • 👑 Elite GL Run (78% Run - Saquon/Hurts TDs)
399,Austin Ekeler,FA,RB,Tier 8,,VORP: -116.4 | Proj: 29.9pts | Scheme: nan • OL #16
400,Sean Tucker,TB,RB,Tier 8,,VORP: -116.8 | Proj: 29.5pts | Scheme: Zac Robinson • 🛡️ Top-5 OL (#5)
401,Emanuel Wilson,SEA,RB,Tier 8,,VORP: -117.0 | Proj: 29.3pts | Scheme: Brian Fleury • OL #14
402,Kendre Miller,NO,RB,Tier 8,,VORP: -119.4 | Proj: 26.9pts | Scheme: Kellen Moore • OL #22
403,Lil'Jordan Humphrey,DEN,WR,Tier 8,,VORP: -120.0 | Proj: 18.8pts | Scheme: Sean Payton/Webb • 🛡️ Top-5 OL (#1) • 🎯 Pass-Funnel RZ (Sean Payton) • ⚡ 3-WR Slot Heavy (17%)
404,Dont'e Thornton Jr.,LV,WR,Tier 8,,VORP: -120.5 | Proj: 18.3pts | Scheme: Klint Kubiak
405,Jaylin Lane,WAS,WR,Tier 8,,VORP: -120.5 | Proj: 18.3pts | Scheme: David Blough • ⚠️ Bad OL (#25)
406,Damien Martinez,GB,RB,Tier 8,,VORP: -120.6 | Proj: 25.7pts | ⭐ Top-10 Eco (Matt LaFleur) • ⚠️ Bad OL (#27) • 👑 Elite GL Run (67% Run - Jacobs TDs)
407,Zavier Scott,MIN,RB,Tier 8,,VORP: -121.0 | Proj: 25.4pts | Scheme: Kevin O'Connell • OL #12
408,Michael Carter,TEN,RB,Tier 8,,VORP: -121.0 | Proj: 25.3pts | Scheme: Brian Daboll • ⚠️ Bad OL (#31)
409,Marquez Valdes-Scantling,DAL,WR,Tier 8,,VORP: -122.3 | Proj: 16.4pts | ⭐ Top-10 Eco (Brian Schottenheimer) • 🎯 Pass-Funnel RZ (61% Pass) • ⚡ 3-WR Slot Heavy (26%)
410,Jaleel McLaughlin,DEN,RB,Tier 8,,VORP: -122.8 | Proj: 23.6pts | Scheme: Sean Payton/Webb • 🛡️ Top-5 OL (#1)
411,Mitch Tinsley,CIN,WR,Tier 8,,VORP: -122.8 | Proj: 16.0pts | ⭐ Top-10 Eco (Zac Taylor) • ⚠️ Bad OL (#28) • 🎯 Pass-Funnel RZ (65% Pass)
412,Jalen Royals,KC,WR,Tier 8,,VORP: -122.8 | Proj: 16.0pts | ⭐ Top-10 Eco (Andy Reid) • 🎯 Pass-Funnel RZ (63% Pass)
413,Jawhar Jordan,HOU,RB,Tier 8,,VORP: -122.8 | Proj: 23.5pts | ⭐ Top-10 Eco (Nick Caley) • ⚠️ Bad OL (#29)
414,Odell Beckham Jr.,NYG,WR,Tier 8,,VORP: -123.8 | Proj: 15.0pts | Scheme: Matt Nagy
415,Audric Estime,NO,RB,Tier 8,,VORP: -124.4 | Proj: 22.0pts | Scheme: Kellen Moore • OL #22
416,Dameon Pierce,PHI,RB,Tier 8,,VORP: -124.4 | Proj: 22.0pts | ⭐ Top-10 Eco (Sean Mannion) • 🛡️ Top-5 OL (#2) • 👑 Elite GL Run (78% Run - Saquon/Hurts TDs)
417,Xavier Restrepo,TEN,WR,Tier 8,,VORP: -124.8 | Proj: 14.0pts | Scheme: Brian Daboll • ⚠️ Bad OL (#31) • ⚡ 3-WR Slot Heavy (20%)
418,CJ Daniels,LAR,WR,Tier 8,,VORP: -125.0 | Proj: 13.8pts | ⭐ Top-10 Eco (Sean McVay) • 🛡️ Top-5 OL (#3) • 🎯 Pass-Funnel RZ (58% Pass)
419,Roschon Johnson,CHI,RB,Tier 8,,VORP: -125.0 | Proj: 21.3pts | Scheme: Ben Johnson • 🛡️ Top-5 OL (#4)
420,Hunter Luepke,DAL,RB,Tier 8,,VORP: -125.8 | Proj: 20.6pts | ⭐ Top-10 Eco (Brian Schottenheimer) • OL #15
421,KeAndre Lambert-Smith,LAC,WR,Tier 8,,VORP: -125.8 | Proj: 13.0pts | Scheme: Mike McDaniel • ⚡ 3-WR Slot Heavy (19%)
422,Jordan Watkins,SF,WR,Tier 8,,VORP: -126.0 | Proj: 12.8pts | ⭐ Top-10 Eco (Kyle Shanahan) • 🚨 2-WR Bench Risk (48%)
423,Dylan Laube,LV,RB,Tier 8,,VORP: -126.3 | Proj: 20.0pts | Scheme: Klint Kubiak • OL #24
424,Xavier Smith,LAR,WR,Tier 8,,VORP: -127.2 | Proj: 11.6pts | ⭐ Top-10 Eco (Sean McVay) • 🛡️ Top-5 OL (#3) • 🎯 Pass-Funnel RZ (58% Pass)
425,Jeremy McNichols,WAS,RB,Tier 8,,VORP: -127.5 | Proj: 18.8pts | Scheme: David Blough • ⚠️ Bad OL (#25)
426,DeAndre Hopkins,BAL,WR,Tier 8,,VORP: -127.5 | Proj: 11.3pts | ⭐ Top-10 Eco (Declan Doyle) • ⚠️ Bad OL (#26) • 🚨 2-WR Bench Risk (60%)
427,Jam Miller,NE,RB,Tier 8,,VORP: -128.8 | Proj: 17.5pts | Scheme: Josh McDaniels • OL #13
428,Jarquez Hunter,LAR,RB,Tier 8,,VORP: -128.8 | Proj: 17.5pts | ⭐ Top-10 Eco (Sean McVay) • 🛡️ Top-5 OL (#3)
429,David Sills V,TB,WR,Tier 8,,VORP: -128.9 | Proj: 9.8pts | Scheme: Zac Robinson • 🛡️ Top-5 OL (#5) • 🎯 Pass-Funnel RZ (60% Pass) • ⚡ 3-WR Slot Heavy (27%)
430,Cedrick Wilson Jr.,DET,WR,Tier 8,,VORP: -128.9 | Proj: 9.8pts | ⭐ Top-10 Eco (Drew Petzing)
431,Kareem Hunt,FA,RB,Tier 8,,VORP: -129.1 | Proj: 17.3pts | Scheme: nan • OL #16
432,Terrell Jennings,FA,RB,Tier 8,,VORP: -129.8 | Proj: 16.5pts | Scheme: nan • OL #16
433,Chris Blair,ATL,WR,Tier 8,,VORP: -130.6 | Proj: 8.2pts | Scheme: Kevin Stefanski/Rees • 🚨 2-WR Bench Risk (54%)
434,Michael Woods II,DEN,WR,Tier 8,,VORP: -130.6 | Proj: 8.2pts | Scheme: Sean Payton/Webb • 🛡️ Top-5 OL (#1) • 🎯 Pass-Funnel RZ (Sean Payton) • ⚡ 3-WR Slot Heavy (17%)
435,Devin Neal,NO,RB,Tier 8,,VORP: -131.4 | Proj: 14.9pts | Scheme: Kellen Moore • OL #22
436,J'Mari Taylor,JAC,RB,Tier 8,,VORP: -131.7 | Proj: 14.7pts | Scheme: Liam Coen • OL #23
437,Elijah Moore,PHI,WR,Tier 8,,VORP: -132.2 | Proj: 6.6pts | ⭐ Top-10 Eco (Sean Mannion) • 🛡️ Top-5 OL (#2)
438,Reggie Virgil,ARI,WR,Tier 8,,VORP: -132.2 | Proj: 6.6pts | Scheme: Mike LaFleur
439,Michael Burton,CLE,RB,Tier 8,,VORP: -132.3 | Proj: 14.0pts | Scheme: Todd Monken • ⚠️ Bad OL (#32)
440,Eli Heidenreich,PIT,RB,Tier 8,,VORP: -132.4 | Proj: 13.9pts | Scheme: Mike McCarthy • OL #19
441,Khalil Herbert,SF,RB,Tier 8,,VORP: -132.6 | Proj: 13.8pts | ⭐ Top-10 Eco (Kyle Shanahan) • OL #6 • 👑 Elite GL Run (68% Run - CMC TDs)
442,Isaac Guerendo,SF,RB,Tier 8,,VORP: -132.6 | Proj: 13.7pts | ⭐ Top-10 Eco (Kyle Shanahan) • OL #6 • 👑 Elite GL Run (68% Run - CMC TDs)
443,Rasheen Ali,BAL,RB,Tier 8,,VORP: -133.0 | Proj: 13.3pts | ⭐ Top-10 Eco (Declan Doyle) • ⚠️ Bad OL (#26) • 👑 Elite GL Run (72% Run - Henry/Lamar TDs)
444,Jerome Ford,WAS,RB,Tier 8,,VORP: -133.7 | Proj: 12.7pts | Scheme: David Blough • ⚠️ Bad OL (#25)
445,Antonio Gibson,FA,RB,Tier 8,,VORP: -133.8 | Proj: 12.5pts | Scheme: nan • OL #16
446,Van Jefferson,WAS,WR,Tier 8,,VORP: -133.9 | Proj: 4.9pts | Scheme: David Blough • ⚠️ Bad OL (#25)
447,Tyler Lockett,LV,WR,Tier 8,,VORP: -133.9 | Proj: 4.9pts | Scheme: Klint Kubiak
448,Alec Ingold,LAC,RB,Tier 8,,VORP: -134.0 | Proj: 12.3pts | Scheme: Mike McDaniel • OL #9 • 👑 Elite GL Run (71% Run - Hampton TDs)
449,Phil Mafah,DAL,RB,Tier 8,,VORP: -134.5 | Proj: 11.8pts | ⭐ Top-10 Eco (Brian Schottenheimer) • OL #15
450,Tyler Goodson,ATL,RB,Tier 8,,VORP: -135.3 | Proj: 11.1pts | Scheme: Kevin Stefanski/Rees • OL #11 • 👑 Elite GL Run (70% Run - Bijan TDs)
451,Velus Jones Jr.,SEA,WR,Tier 8,,VORP: -135.5 | Proj: 3.3pts | Scheme: Brian Fleury • 🚨 2-WR Bench Risk (47%)
452,Roman Hemby,LV,RB,Tier 8,,VORP: -135.8 | Proj: 10.5pts | Scheme: Klint Kubiak • OL #24
453,Joe Mixon,FA,RB,Tier 8,,VORP: -136.5 | Proj: 9.8pts | Scheme: nan • OL #16
454,Jalen Reagor,MIA,WR,Tier 8,,VORP: -137.1 | Proj: 1.6pts | ⭐ Top-10 Eco (Bobby Slowik) • ⚠️ Bad OL (#30) • 🎯 Pass-Funnel RZ (59% Pass)
455,Adam Prentice,DEN,RB,Tier 8,,VORP: -138.1 | Proj: 8.3pts | Scheme: Sean Payton/Webb • 🛡️ Top-5 OL (#1)
456,Travis Homer,PIT,RB,Tier 8,,VORP: -138.1 | Proj: 8.2pts | Scheme: Mike McCarthy • OL #19
457,Ronnie Rivers,LAR,RB,Tier 8,,VORP: -139.7 | Proj: 6.6pts | ⭐ Top-10 Eco (Sean McVay) • 🛡️ Top-5 OL (#3)
458,Max Bredeson,MIN,RB,Tier 8,,VORP: -139.8 | Proj: 6.6pts | Scheme: Kevin O'Connell • OL #12
459,Nathan Carter,ATL,RB,Tier 8,,VORP: -139.8 | Proj: 6.6pts | Scheme: Kevin Stefanski/Rees • OL #11 • 👑 Elite GL Run (70% Run - Bijan TDs)
460,Reggie Gilliam,NE,RB,Tier 8,,VORP: -141.4 | Proj: 4.9pts | Scheme: Josh McDaniels • OL #13
461,Patrick Ricard,NYG,RB,Tier 8,,VORP: -141.4 | Proj: 4.9pts | Scheme: Matt Nagy • OL #18
462,Kaleb Johnson,PIT,RB,Tier 8,,VORP: -141.4 | Proj: 4.9pts | Scheme: Mike McCarthy • OL #19
463,Robert Henry Jr.,WAS,RB,Tier 8,,VORP: -141.4 | Proj: 4.9pts | Scheme: David Blough • ⚠️ Bad OL (#25)
464,Jacob Saylors,DET,RB,Tier 8,,VORP: -144.7 | Proj: 1.6pts | ⭐ Top-10 Eco (Drew Petzing) • OL #16 • 👑 Elite GL Run (74% Run - Gibbs/Monty TDs)
465,Bam Knight,ARI,RB,Tier 8,,VORP: -144.7 | Proj: 1.6pts | Scheme: Mike LaFleur • OL #20
466,British Brooks,HOU,RB,Tier 8,,VORP: -144.7 | Proj: 1.6pts | ⭐ Top-10 Eco (Nick Caley) • ⚠️ Bad OL (#29)
467,Shedeur Sanders,CLE,QB,Tier 8,,VORP: -164.9 | Proj: 54.3pts | Scheme: Todd Monken • ⚠️ Bad OL (#32)
468,Jameis Winston,NYG,QB,Tier 8,,VORP: -175.5 | Proj: 40.2pts | Scheme: Matt Nagy • OL #18 • ⚡ Dual-Threat Floor
469,J.J. McCarthy,MIN,QB,Tier 8,,VORP: -175.7 | Proj: 39.9pts | Scheme: Kevin O'Connell • OL #12 • 🎯 Pass-Funnel RZ (58% Pass) • ⚡ Dual-Threat Floor
470,Marcus Mariota,WAS,QB,Tier 8,,VORP: -178.5 | Proj: 36.1pts | Scheme: David Blough • ⚠️ Bad OL (#25) • ⚡ Dual-Threat Floor
471,Carson Beck,ARI,QB,Tier 8,,VORP: -180.2 | Proj: 33.9pts | Scheme: Mike LaFleur • OL #20
472,Justin Fields,KC,QB,Tier 8,,VORP: -182.3 | Proj: 31.0pts | ⭐ Top-10 Eco (Andy Reid) • OL #21 • 🎯 Pass-Funnel RZ (63% Pass)
473,Mac Jones,SF,QB,Tier 8,,VORP: -184.6 | Proj: 28.0pts | ⭐ Top-10 Eco (Kyle Shanahan) • OL #6
474,Tyson Bagent,CHI,QB,Tier 8,,VORP: -184.7 | Proj: 27.9pts | Scheme: Ben Johnson • 🛡️ Top-5 OL (#4) • 🎯 Pass-Heavy RZ (Ben Johnson)
475,Joe Milton III,DAL,QB,Tier 8,,VORP: -186.3 | Proj: 25.7pts | ⭐ Top-10 Eco (Brian Schottenheimer) • OL #15 • 🎯 Pass-Funnel RZ (61% Pass)
476,Ty Simpson,LAR,QB,Tier 8,,VORP: -188.1 | Proj: 23.3pts | ⭐ Top-10 Eco (Sean McVay) • 🛡️ Top-5 OL (#3) • 🎯 Pass-Funnel RZ (58% Pass)
477,Joe Flacco,CIN,QB,Tier 8,,VORP: -192.3 | Proj: 17.8pts | ⭐ Top-10 Eco (Zac Taylor) • ⚠️ Bad OL (#28) • 🎯 Pass-Funnel RZ (65% Pass)
478,Tyrod Taylor,GB,QB,Tier 8,,VORP: -194.1 | Proj: 15.3pts | ⭐ Top-10 Eco (Matt LaFleur) • ⚠️ Bad OL (#27)
479,Anthony Richardson Sr.,IND,QB,Tier 8,,VORP: -195.4 | Proj: 13.6pts | Scheme: Shane Steichen • OL #10
480,Gardner Minshew II,ARI,QB,Tier 8,,VORP: -196.0 | Proj: 12.8pts | Scheme: Mike LaFleur • OL #20
481,Riley Leonard,IND,QB,Tier 8,,VORP: -196.3 | Proj: 12.4pts | Scheme: Shane Steichen • OL #10
482,Jake Browning,TB,QB,Tier 8,,VORP: -197.7 | Proj: 10.6pts | Scheme: Zac Robinson • 🛡️ Top-5 OL (#5) • 🎯 Pass-Funnel RZ (60% Pass)
483,Cade Klubnik,NYJ,QB,Tier 8,,VORP: -198.2 | Proj: 9.9pts | Scheme: Frank Reich • OL #17
484,Drew Allar,PIT,QB,Tier 8,,VORP: -198.2 | Proj: 9.9pts | Scheme: Mike McCarthy • OL #19
