Rank,Player,Team,Position,Tier,Notes
1,Jahmyr Gibbs,DET,RB,Tier T1,[🎯TARGET][TIER 1][💲CONTRACT][⛏️GOLD STD][🔬TALENT 97] FP: 314.8pts (VORP: +160.5) | OL: 3.5/5 | %RB1: 62% | Luck: -19.0pts
2,Bijan Robinson,ATL,RB,Tier T1,[🎯TARGET][TIER 1][💲CONTRACT][⛏️GOLD STD][🔬TALENT 99] FP: 304.3pts (VORP: +145.7) | OL: 4.0/5 | %RB1: 59% | 2-WR: 54% | Screen #3
3,Puka Nacua,LAR,WR,Tier T2,[🎯TARGET][TIER 1][💲CONTRACT][🔬TALENT 99] FP: 259.3pts (VORP: +113.8) | OL: 4.5/5 | Luck: +20.8pts
4,Jonathan Taylor,IND,RB,Tier T2,[🎯TARGET][TIER 2][⛏️GOLD DIGGER] FP: 287.6pts (VORP: +108.5) | OL: 4.5/5 | %RB1: 69% | Luck: -16.8pts
5,Ja'Marr Chase,CIN,WR,Tier T2,[🎯TARGET][TIER 1][🔬TALENT 94] FP: 234.0pts (VORP: +107.2) | OL: 3.0/5 | Luck: +22.8pts
6,Jaxon Smith-Njigba,SEA,WR,Tier T2,[🎯TARGET][TIER 1][🔬TALENT 97] FP: 229.4pts (VORP: +89.0) | OL: 3.5/5 | 2-WR: 47%
7,Amon-Ra St. Brown,DET,WR,Tier T2,[🎯TARGET][TIER 2][🔬TALENT 95] FP: 219.6pts (VORP: +87.4) | OL: 3.5/5 | Luck: +22.2pts
8,Christian McCaffrey,SF,RB,Tier T2,[⚠️DIRTY 30][TIER 2] FP: 263.2pts (VORP: +83.4) | OL: 4.0/5 | %RB1: 77% | 2-WR: 48% | Luck: -30.9pts
9,James Cook III,BUF,RB,Tier T2,[🎯TARGET][TIER 2][🥈SILVER] FP: 256.6pts (VORP: +82.0) | OL: 4.5/5 | %RB1: 66%
10,Saquon Barkley,PHI,RB,Tier T3,[👑GURU 12][TIER 3][🥈SILVER] FP: 247.3pts (VORP: +71.7) | OL: 4.0/5 | %RB1: 67%
11,Kenneth Walker III,KC,RB,Tier T3,[💥EXODIA][TIER 3][⛏️GOLD STD][🔬TALENT 92] FP: 224.6pts (VORP: +67.4) | OL: 3.0/5 | %RB1: 55%
12,De'Von Achane,MIA,RB,Tier T3,[⚠️DIRTY 30][TIER 3][💲CONTRACT][⛏️GOLD STD][🔬TALENT 94] FP: 243.0pts (VORP: +64.2) | OL: 2.5/5 | %RB1: 73% | Luck: +10.5pts
13,CeeDee Lamb,DAL,WR,Tier T3,[🎯TARGET][TIER 2] FP: 208.1pts (VORP: +61.8) | OL: 4.0/5 | Luck: +35.5pts
14,Derrick Henry,BAL,RB,Tier T3,[🎯TARGET][TIER 3][⛏️GOLD DIGGER] FP: 235.9pts (VORP: +60.0) | OL: 3.0/5 | %RB1: 63% | 2-WR: 60%
15,Chase Brown,CIN,RB,Tier T3,[💥EXODIA][TIER 3][⭐TOP OFFENSE][⛏️GOLD STD] #4 Bengals Offense - Most Undervalued Asset | FP: 211.2pts (VORP: +60.0) | OL: 3.0/5 | %RB1: 75%
16,Omarion Hampton,LAC,RB,Tier T3,[💥EXODIA][TIER 3][⛏️GOLD STD] FP: 201.3pts (VORP: +59.5) | OL: 3.0/5 | %RB1: 66%
17,Ashton Jeanty,LV,RB,Tier T3,[💥EXODIA][TIER 3][⛏️GOLD STD] FP: 199.0pts (VORP: +57.0) | OL: 2.5/5 | %RB1: 70%
18,Justin Jefferson,MIN,WR,Tier T3,[🟡PASS][TIER 2] FP: 207.1pts (VORP: +55.6) | OL: 4.0/5
19,Drake London,ATL,WR,Tier T3,[💥EXODIA][TIER 2][💲CONTRACT] FP: 190.7pts (VORP: +54.9) | OL: 4.0/5 | 2-WR: 54%
20,Brock Bowers,LV,TE,Tier T3,[💥EXODIA][TIER 1] FP: 173.1pts (VORP: +53.2) | OL: 2.5/5
21,Nico Collins,HOU,WR,Tier T4,[🎯TARGET][TIER 2][🔬TALENT 96] FP: 184.7pts (VORP: +46.3) | OL: 3.0/5
22,Zay Flowers,BAL,WR,Tier T4,[👑GURU 12][TIER 4][🔥CATALYST][💲CONTRACT][🔬TALENT 93] New OC | FP: 175.7pts (VORP: +46.2) | OL: 3.0/5 | 2-WR: 60% | Luck: +12.2pts
23,Josh Jacobs,GB,RB,Tier T4,[🎯TARGET][TIER 4][⛏️GOLD DIGGER] FP: 213.0pts (VORP: +44.8) | OL: 2.0/5 | %RB1: 67% | Luck: +13.3pts
24,Breece Hall,NYJ,RB,Tier T4,[💥EXODIA][TIER 4][🥈SILVER] FP: 209.8pts (VORP: +44.0) | OL: 3.0/5 | %RB1: 61%
25,A.J. Brown,NE,WR,Tier T4,[🎯TARGET][TIER 2][💲CONTRACT] FP: 182.4pts (VORP: +41.0) | OL: 3.0/5
26,Tee Higgins,CIN,WR,Tier T4,[💥EXODIA][TIER 4] FP: 182.3pts (VORP: +39.8) | OL: 3.0/5 | Luck: +14.7pts
27,Chris Olave,NO,WR,Tier T4,[🎯TARGET][TIER 2][💲CONTRACT] FP: 184.9pts (VORP: +37.1) | OL: 3.0/5 | Luck: +23.5pts
28,DeVonta Smith,PHI,WR,Tier T4,[🎯TARGET][TIER 3] FP: 172.3pts (VORP: +36.0) | OL: 4.0/5 | Luck: +10.1pts
29,George Pickens,DAL,WR,Tier T4,[⚠️DIRTY 30][TIER 2][🔬TALENT 91] FP: 179.9pts (VORP: +34.7) | OL: 4.0/5
30,Kyren Williams,LAR,RB,Tier T4,[⚠️DIRTY 30][TIER 4][⛏️GOLD DIGGER] FP: 202.4pts (VORP: +34.1) | OL: 4.5/5 | %RB1: 76%
31,Josh Allen,BUF,QB,Tier T4,[🎯TARGET][TIER 1][🔬TALENT 99] FP: 335.9pts (VORP: +32.3) | OL: 4.5/5
32,Ladd McConkey,LAC,WR,Tier T4,[🎯TARGET][TIER 4][🔥CATALYST] New OC | FP: 169.3pts (VORP: +30.5) | OL: 3.0/5 | Luck: +10.0pts
33,Rashee Rice,KC,WR,Tier T5,[🟡PASS][TIER 3][💲CONTRACT] FP: 186.8pts (VORP: +27.6) | OL: 3.0/5
34,Malik Nabers,NYG,WR,Tier T5,[🎯TARGET][TIER 3] FP: 167.6pts (VORP: +24.9) | OL: 3.0/5
35,Trey McBride,ARI,TE,Tier T5,[⚠️DIRTY 30][TIER 1][🔬TALENT 96] FP: 156.3pts (VORP: +23.9) | OL: 3.0/5
36,Javonte Williams,DAL,RB,Tier T5,[👑GURU 12][TIER 4] FP: 203.3pts (VORP: +22.5) | OL: 4.0/5 | %RB1: 67%
37,Tyler Warren,IND,TE,Tier T5,[💥EXODIA][TIER 2] FP: 147.8pts (VORP: +22.0) | OL: 4.5/5
38,Colston Loveland,CHI,TE,Tier T5,[🎯TARGET][TIER 2][🔥CATALYST][🔬TALENT 93] Role Increase (Qualifies as New Situation) | FP: 149.4pts (VORP: +20.6) | OL: 4.0/5
39,Garrett Wilson,NYJ,WR,Tier T5,[🟡PASS][TIER 4] FP: 175.6pts (VORP: +20.5) | OL: 3.0/5
40,Cam Skattebo,NYG,RB,Tier T5,[💥EXODIA][TIER 5][🔥CATALYST][⛏️GOLD STD] New Situation + O/S Top 12 RBs | FP: 164.5pts (VORP: +20.2) | OL: 3.0/5 | %RB1: 56%
41,Jameson Williams,DET,WR,Tier T5,[💤SLEEPER][TIER 5] FP: 167.2pts (VORP: +19.7) | OL: 3.5/5
42,David Montgomery,HOU,RB,Tier T5,[💥EXODIA][TIER 5][🔥CATALYST][🥈SILVER] New Situation + O/S Top 12 RBs | FP: 202.7pts (VORP: +18.0) | OL: 3.0/5 | %RB1: 52% | Luck: -14.7pts
43,Jaylen Waddle,DEN,WR,Tier T5,[💥EXODIA][TIER 4][🔥CATALYST] New Team / New QB | FP: 155.7pts (VORP: +15.9) | OL: 5.0/5 | Luck: +17.1pts
44,Terry McLaurin,WAS,WR,Tier T5,[👑GURU 12][TIER 5] FP: 160.7pts (VORP: +14.8) | OL: 2.0/5
45,Drake Maye,NE,QB,Tier T5,[🎯TARGET][TIER 2][🔥CATALYST] Weapon Upgrades | FP: 306.0pts (VORP: +13.1) | OL: 3.0/5
46,Luther Burden III,CHI,WR,Tier T5,[💥EXODIA][TIER 5][🔥CATALYST][🔬TALENT 93] New/Elevated Role | FP: 148.8pts (VORP: +12.1) | OL: 4.0/5 | Luck: -13.4pts
47,Davante Adams,LAR,WR,Tier T6,[⚠️DIRTY 30][TIER 5] FP: 171.1pts (VORP: +12.0) | OL: 4.5/5 | Luck: +17.5pts
48,Emeka Egbuka,TB,WR,Tier T6,[⚠️DIRTY 30][TIER 4][🔥CATALYST] New OC / Role | FP: 160.3pts (VORP: +11.3) | OL: 4.0/5
49,Christian Watson,GB,WR,Tier T6,[💥EXODIA][TIER 5] FP: 158.5pts (VORP: +10.8) | OL: 2.0/5
50,Lamar Jackson,BAL,QB,Tier T6,[🚫AVOID][TIER 1][🔬TALENT 92] FP: 312.2pts (VORP: +10.1) | OL: 3.0/5 | 2-WR: 60% | Luck: +21.0pts
51,D'Andre Swift,CHI,RB,Tier T6,[🎯TARGET][TIER 5][⚠️FOOL'S GOLD] FP: 187.0pts (VORP: +9.3) | OL: 4.0/5 | %RB1: 63%
52,Travis Etienne Jr.,NO,RB,Tier T6,[⚠️DIRTY 30][TIER 5][🔥CATALYST][🥈SILVER] New Situation + O/S Top 12 RBs | FP: 181.3pts (VORP: +9.3) | OL: 3.0/5 | %RB1: 66% | Luck: -11.8pts
53,Quinshon Judkins,CLE,RB,Tier T6,[⚠️DIRTY 30][TIER 5][🔥CATALYST][🥈SILVER] New Situation + O/S Top 12 RBs | FP: 189.2pts (VORP: +9.0) | OL: 2.0/5 | %RB1: 58% | 2-WR: 47%
54,Tetairoa McMillan,CAR,WR,Tier T6,[⚠️DIRTY 30][TIER 4] FP: 154.9pts (VORP: +8.9) | OL: 3.0/5
55,Jalen Hurts,PHI,QB,Tier T6,[🎯TARGET][TIER 2] FP: 303.4pts (VORP: +8.7) | OL: 4.0/5
56,Parker Washington,JAC,WR,Tier T6,[💥EXODIA][TIER 6][💲CONTRACT] FP: 152.9pts (VORP: +8.5) | OL: 4.0/5
57,Rome Odunze,CHI,WR,Tier T6,[🎯TARGET][TIER 5][⭐TOP OFFENSE] #10 Bears Offense - Most Undervalued Asset | FP: 151.4pts (VORP: +7.1) | OL: 4.0/5
58,Rhamondre Stevenson,NE,RB,Tier T6,[🎯TARGET][TIER 7][🥈SILVER] FP: 181.7pts (VORP: +7.1) | OL: 3.0/5 | %RB1: 60% | Screen #4 | Luck: +18.3pts
59,Jayden Daniels,WAS,QB,Tier T6,[🎯TARGET][TIER 2] FP: 309.0pts (VORP: +5.1) | OL: 2.0/5 | Luck: +12.4pts
60,Mike Evans,SF,WR,Tier T6,[💥EXODIA][TIER 5] FP: 161.9pts (VORP: +4.7) | OL: 4.0/5 | 2-WR: 48%
61,DJ Moore,BUF,WR,Tier T6,[🎯TARGET][TIER 5][⭐TOP OFFENSE] #2 Bills Offense - Most Undervalued Asset | FP: 150.1pts (VORP: +4.3) | OL: 4.5/5 | Luck: -16.2pts
62,Kyle Pitts Sr.,ATL,TE,Tier T6,[🟡PASS][TIER 3] FP: 132.5pts (VORP: +4.2) | OL: 4.0/5 | 2-WR: 54%
63,Sam LaPorta,DET,TE,Tier T6,[👑GURU 12][TIER 3][💲CONTRACT][🔬TALENT 95] FP: 131.9pts (VORP: +4.0) | OL: 3.5/5
64,Harold Fannin Jr.,CLE,TE,Tier T6,[🎯TARGET][TIER 3][🔥CATALYST] New Situation | FP: 125.4pts (VORP: +3.5) | OL: 2.0/5 | 2-WR: 47%
65,Brian Thomas Jr.,JAC,WR,Tier T6,[🎯TARGET][TIER 6] FP: 149.6pts (VORP: +3.0) | OL: 4.0/5 | Luck: +11.1pts
66,Houston Texans,HOU,DST,Tier T6,[TIER 8] FP: 103.0pts (VORP: +1.5) | OL: 3.0/5
67,Los Angeles Rams,LAR,DST,Tier T6,[TIER 8] FP: 102.7pts (VORP: +1.4) | OL: 4.5/5
68,Brandon Aubrey,DAL,K,Tier T6,[🎯TARGET][TIER 8] FP: 136.9pts (VORP: +1.2) | OL: 4.0/5
69,Seattle Seahawks,SEA,DST,Tier T6,[🎯TARGET][TIER 8] FP: 101.3pts (VORP: +1.1) | OL: 3.5/5 | 2-WR: 47%
70,Denver Broncos,DEN,DST,Tier T6,[TIER 8] FP: 100.5pts (VORP: +1.0) | OL: 5.0/5
70,Jake Bates,DET,K,Tier T6,[🎯TARGET][TIER 8] FP: 135.7pts (VORP: +1.0) | OL: 3.5/5
72,Philadelphia Eagles,PHI,DST,Tier T6,[TIER 8] FP: 100.3pts (VORP: +0.9) | OL: 4.0/5
73,Jacksonville Jaguars,JAC,DST,Tier T6,[🎯TARGET][TIER 8] FP: 100.2pts (VORP: +0.9) | OL: 4.0/5
74,Bucky Irving,TB,RB,Tier T6,[⚠️DIRTY 30][TIER 5][🥈SILVER] FP: 189.4pts (VORP: +0.8) | OL: 4.0/5 | %RB1: 75%
75,Joe Burrow,CIN,QB,Tier T6,[⚠️DIRTY 30][TIER 2][🔬TALENT 95] FP: 295.7pts (VORP: +0.7) | OL: 3.0/5 | Luck: +16.3pts
76,Blake Grupe,IND,K,Tier T6,[TIER 8] OL: 4.5/5
77,Minnesota Vikings,MIN,DST,Tier T6,[TIER 8] FP: 98.0pts (VORP: +0.5) | OL: 4.0/5
78,Harrison Mevis,LAR,K,Tier T6,[TIER 8] FP: 132.9pts (VORP: +0.4) | OL: 4.5/5
79,New England Patriots,NE,DST,Tier T6,[TIER 8] FP: 97.3pts (VORP: +0.3) | OL: 3.0/5
80,Kansas City Chiefs,KC,DST,Tier T6,[TIER 8] FP: 97.2pts (VORP: +0.3) | OL: 3.0/5
81,Tucker Kraft,GB,TE,Tier T6,[💥EXODIA][TIER 3][💲CONTRACT][🔬TALENT 92] FP: 124.0pts (VORP: +0.2) | OL: 2.0/5
82,Green Bay Packers,GB,DST,Tier T6,[TIER 8] FP: 96.4pts (VORP: +0.2) | OL: 2.0/5
83,Los Angeles Chargers,LAC,DST,Tier T6,[TIER 8] FP: 96.1pts (VORP: +0.1) | OL: 3.0/5
84,Cairo Santos,CHI,K,Tier T6,[TIER 8] FP: 131.1pts (VORP: +0.1) | OL: 4.0/5
85,Pittsburgh Steelers,PIT,DST,Tier T6,[TIER 8] FP: 95.8pts (VORP: +0.1) | OL: 3.5/5
86,New Orleans Saints,NO,DST,Tier T6,[TIER 8] FP: 95.7pts (VORP: +0.0) | OL: 3.0/5
87,Jason Myers,SEA,K,Tier T7,[TIER 8] FP: 130.7pts (VORP: -0.0) | OL: 3.5/5 | 2-WR: 47%
88,Eddy Pineiro,SF,K,Tier T7,[TIER 8] FP: 130.6pts (VORP: -0.0) | OL: 4.0/5 | 2-WR: 48%
88,Tyler Bass,BUF,K,Tier T7,[TIER 8] FP: 130.6pts (VORP: -0.0) | OL: 4.5/5
90,Ka'imi Fairbairn,HOU,K,Tier T7,[TIER 8] FP: 130.5pts (VORP: -0.1) | OL: 3.0/5
91,Cameron Dicker,LAC,K,Tier T7,[TIER 8] FP: 130.3pts (VORP: -0.1) | OL: 3.0/5
92,Spencer Shrader,IND,K,Tier T7,[TIER 8] FP: 130.2pts (VORP: -0.1) | OL: 4.5/5
93,Baltimore Ravens,BAL,DST,Tier T7,[TIER 8] FP: 94.8pts (VORP: -0.1) | OL: 3.0/5 | 2-WR: 60%
94,Tyler Loop,BAL,K,Tier T7,[TIER 8] FP: 130.0pts (VORP: -0.2) | OL: 3.0/5 | 2-WR: 60%
95,Buffalo Bills,BUF,DST,Tier T7,[TIER 8] FP: 94.6pts (VORP: -0.2) | OL: 4.5/5
96,Carolina Panthers,CAR,DST,Tier T7,[TIER 8] FP: 94.5pts (VORP: -0.2) | OL: 3.0/5
97,Harrison Butker,KC,K,Tier T7,[TIER 8] FP: 129.5pts (VORP: -0.3) | OL: 3.0/5
98,Indianapolis Colts,IND,DST,Tier T7,[TIER 8] FP: 94.0pts (VORP: -0.3) | OL: 4.5/5
99,San Francisco 49ers,SF,DST,Tier T7,[TIER 8] FP: 93.7pts (VORP: -0.4) | OL: 4.0/5 | 2-WR: 48%
100,Cam Little,JAC,K,Tier T7,[TIER 8] FP: 128.7pts (VORP: -0.4) | OL: 4.0/5
101,Atlanta Falcons,ATL,DST,Tier T7,[TIER 8] FP: 93.2pts (VORP: -0.5) | OL: 4.0/5 | 2-WR: 54%
102,Jeremiyah Love,ARI,RB,Tier T7,[⚠️DIRTY 30][TIER 4][🥈SILVER] FP: 185.5pts (VORP: -0.5) | OL: 3.0/5 | %RB1: 60%
103,George Kittle,SF,TE,Tier T7,[⚠️DIRTY 30][TIER 3][🔬TALENT 99] FP: 124.1pts (VORP: -0.6) | OL: 4.0/5 | 2-WR: 48%
103,Trey Smack,GB,K,Tier T7,[TIER 8] FP: 127.8pts (VORP: -0.6) | OL: 2.0/5
105,Chase McLaughlin,TB,K,Tier T7,[TIER 8] FP: 127.7pts (VORP: -0.6) | OL: 4.0/5
106,Jake Elliott,PHI,K,Tier T7,[TIER 8] FP: 127.6pts (VORP: -0.6) | OL: 4.0/5
107,Nick Folk,ATL,K,Tier T7,[TIER 8] FP: 127.2pts (VORP: -0.7) | OL: 4.0/5 | 2-WR: 54%
108,Evan McPherson,CIN,K,Tier T7,[TIER 8] FP: 126.9pts (VORP: -0.8) | OL: 3.0/5
109,Detroit Lions,DET,DST,Tier T7,[TIER 8] FP: 91.6pts (VORP: -0.8) | OL: 3.5/5
110,Tampa Bay Buccaneers,TB,DST,Tier T7,[TIER 8] FP: 90.9pts (VORP: -0.9) | OL: 4.0/5
111,Wil Lutz,DEN,K,Tier T7,[TIER 8] FP: 125.5pts (VORP: -1.1) | OL: 5.0/5
112,New York Giants,NYG,DST,Tier T7,[TIER 8] FP: 90.1pts (VORP: -1.1) | OL: 3.0/5
113,Chicago Bears,CHI,DST,Tier T7,[TIER 8] FP: 89.6pts (VORP: -1.2) | OL: 4.0/5
114,Charlie Smyth,NO,K,Tier T7,[TIER 8] FP: 124.6pts (VORP: -1.2) | OL: 3.0/5
114,Will Reichard,MIN,K,Tier T7,[TIER 8] FP: 124.6pts (VORP: -1.2) | OL: 4.0/5
116,Washington Commanders,WAS,DST,Tier T7,[TIER 8] FP: 89.1pts (VORP: -1.3) | OL: 2.0/5
117,Andy Borregales,NE,K,Tier T7,[TIER 8] FP: 123.7pts (VORP: -1.4) | OL: 3.0/5
118,Daniel Carlson,NO,K,Tier T7,[TIER 8] OL: 3.0/5
119,Las Vegas Raiders,LV,DST,Tier T7,[TIER 8] FP: 88.1pts (VORP: -1.5) | OL: 2.5/5
119,Justin Herbert,LAC,QB,Tier T7,[👑GURU 12][TIER 3] FP: 280.6pts (VORP: -1.5) | OL: 3.0/5
121,Miami Dolphins,MIA,DST,Tier T7,[TIER 8] FP: 87.8pts (VORP: -1.6) | OL: 2.5/5
122,Cleveland Browns,CLE,DST,Tier T7,[TIER 8] FP: 87.0pts (VORP: -1.7) | OL: 2.0/5 | 2-WR: 47%
123,Tennessee Titans,TEN,DST,Tier T7,[TIER 8] FP: 86.0pts (VORP: -1.9) | OL: 2.0/5
124,Trevor Lawrence,JAC,QB,Tier T7,[👑GURU 12][TIER 3][🔥CATALYST] Weapon Upgrades | FP: 282.3pts (VORP: -1.9) | OL: 4.0/5 | Luck: +12.7pts
125,Chris Boswell,PIT,K,Tier T7,[TIER 8] FP: 120.4pts (VORP: -2.1) | OL: 3.5/5
125,Dallas Cowboys,DAL,DST,Tier T7,[TIER 8] FP: 85.2pts (VORP: -2.1) | OL: 4.0/5
127,Chad Ryland,ARI,K,Tier T7,[TIER 8] FP: 120.3pts (VORP: -2.1) | OL: 3.0/5
128,Cincinnati Bengals,CIN,DST,Tier T7,[TIER 8] FP: 84.7pts (VORP: -2.2) | OL: 3.0/5
129,Mark Andrews,BAL,TE,Tier T7,"[🎯TARGET][TIER 8][🔥CATALYST][⭐TOP OFFENSE] Role Increase, New Situation + O/S Top 100 - #5 Ravens Offense - Most Undervalued Asset | FP: 122.8pts (VORP: -2.4) | OL: 3.0/5 | 2-WR: 60%"
130,Bhayshul Tuten,JAC,RB,Tier T7,[💥EXODIA][TIER 6][🔥CATALYST] New Situation + O/S Top 12 RBs | FP: 188.0pts (VORP: -2.4) | OL: 4.0/5 | %RB1: 62% | Screen #1
131,Jason Sanders,NYJ,K,Tier T7,[TIER 8] OL: 3.0/5
132,Joey Slye,TEN,K,Tier T7,[TIER 8] FP: 117.1pts (VORP: -2.7) | OL: 2.0/5
133,Quentin Johnston,LAC,WR,Tier T7,[💤SLEEPER][TIER 6][💲CONTRACT] FP: 148.0pts (VORP: -2.8) | OL: 3.0/5
134,New York Jets,NYJ,DST,Tier T7,[TIER 8] FP: 81.3pts (VORP: -2.8) | OL: 3.0/5
135,Ryan Fitzgerald,CAR,K,Tier T7,[TIER 8] FP: 112.2pts (VORP: -3.7) | OL: 3.0/5
136,Brock Purdy,SF,QB,Tier T7,[🎯TARGET][TIER 3][🔬TALENT 91] FP: 278.9pts (VORP: -4.8) | OL: 4.0/5 | 2-WR: 48%
137,Caleb Williams,CHI,QB,Tier T7,[🎯TARGET][TIER 3] FP: 272.9pts (VORP: -5.0) | OL: 4.0/5 | Luck: -25.3pts
138,DK Metcalf,PIT,WR,Tier T7,[🚫AVOID][TIER 6] FP: 148.1pts (VORP: -5.0) | OL: 3.5/5
139,Travis Kelce,KC,TE,Tier T7,[🚫AVOID][TIER 8] FP: 127.3pts (VORP: -5.2) | OL: 3.0/5 | Luck: -11.5pts
140,Dak Prescott,DAL,QB,Tier T7,[🎯TARGET][TIER 3][⭐TOP OFFENSE] #6 Cowboys Offense - Most Undervalued Asset | FP: 295.5pts (VORP: -6.2) | OL: 4.0/5 | Luck: -16.4pts
141,Dallas Goedert,PHI,TE,Tier T7,[🎯TARGET][TIER 8] FP: 125.6pts (VORP: -6.7) | OL: 4.0/5 | Luck: -35.1pts
142,Michael Pittman Jr.,PIT,WR,Tier T7,[🟡PASS][TIER 6][👑GURU 12] FP: 142.6pts (VORP: -8.7) | OL: 3.5/5
143,Patrick Mahomes II,KC,QB,Tier T7,[TIER 4] FP: 269.9pts (VORP: -10.0) | OL: 3.0/5 | Luck: -12.4pts
144,Jaylen Warren,PIT,RB,Tier T7,[⚠️DIRTY 30][TIER 7][⛏️GOLD STD] FP: 164.4pts (VORP: -10.0) | OL: 3.5/5 | %RB1: 69%
145,Bo Nix,DEN,QB,Tier T7,[💤SLEEPER][TIER 4] FP: 270.8pts (VORP: -10.3) | OL: 5.0/5 | Luck: -16.6pts
146,Juwan Johnson,NO,TE,Tier T7,[🎯TARGET][TIER 8] FP: 118.6pts (VORP: -10.8) | OL: 3.0/5
147,Dalton Kincaid,BUF,TE,Tier T7,[🎯TARGET][TIER 8][💲CONTRACT] FP: 107.4pts (VORP: -11.8) | OL: 4.5/5
148,Courtland Sutton,DEN,WR,Tier T7,[🚫AVOID][TIER 6] FP: 145.4pts (VORP: -12.3) | OL: 5.0/5
149,Jake Ferguson,DAL,TE,Tier T7,[🚫AVOID][TIER 8] FP: 124.4pts (VORP: -12.3) | OL: 4.0/5 | Luck: +11.1pts
150,Brenton Strange,JAC,TE,Tier T7,[🎯TARGET][TIER 4] FP: 116.7pts (VORP: -12.6) | OL: 4.0/5
151,Jaxson Dart,NYG,QB,Tier T7,[⚠️DIRTY 30][TIER 4][🔥CATALYST] Weapon Upgrades | FP: 273.7pts (VORP: -13.4) | OL: 3.0/5 | Luck: +14.1pts
152,Isaiah Likely,NYG,TE,Tier T7,[TIER 8][🔥CATALYST] New Situation + O/S Top 100 | FP: 100.4pts (VORP: -14.4) | OL: 3.0/5
153,Ben Sauls,NYG,K,Tier T7,[TIER 8] OL: 3.0/5
154,Hunter Henry,NE,TE,Tier T8,[TIER 4] FP: 107.4pts (VORP: -15.3) | OL: 3.0/5
155,Jared Goff,DET,QB,Tier T8,[TIER 5][⭐TOP OFFENSE] #3 Lions Offense - Most Undervalued Asset | FP: 262.4pts (VORP: -15.6) | OL: 3.5/5
156,Jake Moody,FA,K,Tier T8,[TIER 8]
156,Brandon McManus,FA,K,Tier T8,[TIER 8]
156,Zane Gonzalez,FA,K,Tier T8,[TIER 8]
159,Carnell Tate,TEN,WR,Tier T8,[⚠️DIRTY 30][TIER 6] FP: 134.8pts (VORP: -16.2) | OL: 2.0/5
160,Jordan Addison,MIN,WR,Tier T8,[💤SLEEPER][TIER 7][💲CONTRACT] FP: 134.9pts (VORP: -16.8) | OL: 4.0/5
161,Marvin Harrison Jr.,ARI,WR,Tier T8,[🟡PASS][TIER 6] FP: 125.4pts (VORP: -17.0) | OL: 3.0/5 | Luck: +23.4pts
162,Jakobi Meyers,JAC,WR,Tier T8,[🟡PASS][TIER 7] FP: 145.3pts (VORP: -17.8) | OL: 4.0/5
163,Dalton Schultz,HOU,TE,Tier T8,[TIER 4] FP: 107.8pts (VORP: -18.4) | OL: 3.0/5
164,Matthew Stafford,LAR,QB,Tier T8,[TIER 4] FP: 271.6pts (VORP: -18.4) | OL: 4.5/5
165,TreVeyon Henderson,NE,RB,Tier T8,[⚠️DIRTY 30][TIER 6][⚠️FOOL'S GOLD] FP: 158.0pts (VORP: -18.7) | OL: 3.0/5 | %RB1: 60% | Screen #4
166,T.J. Hockenson,MIN,TE,Tier T8,[TIER 8] FP: 102.6pts (VORP: -20.6) | OL: 4.0/5
167,Michael Wilson,ARI,WR,Tier T8,[TIER 6][💲CONTRACT] FP: 117.9pts (VORP: -20.6) | OL: 3.0/5 | Luck: +11.5pts
168,Alec Pierce,IND,WR,Tier T8,[💤SLEEPER][TIER 6] FP: 111.9pts (VORP: -20.7) | OL: 4.5/5 | Luck: +17.2pts
169,Chris Godwin Jr.,TB,WR,Tier T8,[🎯TARGET][TIER 6] FP: 126.5pts (VORP: -20.9) | OL: 4.0/5
170,Josh Downs,IND,WR,Tier T8,[💥EXODIA][TIER 7][💲CONTRACT] FP: 120.2pts (VORP: -20.9) | OL: 4.5/5
171,Romeo Doubs,NE,WR,Tier T8,[🎯TARGET][TIER 8] FP: 129.0pts (VORP: -22.1) | OL: 3.0/5
172,Baker Mayfield,TB,QB,Tier T8,[TIER 8] FP: 251.4pts (VORP: -23.1) | OL: 4.0/5 | Luck: -10.6pts
173,Jayden Reed,GB,WR,Tier T8,[💤SLEEPER][TIER 7] FP: 133.4pts (VORP: -24.2) | OL: 2.0/5
174,Cade Otton,TB,TE,Tier T8,[💤SLEEPER][TIER 5] FP: 97.3pts (VORP: -24.4) | OL: 4.0/5
175,AJ Barner,SEA,TE,Tier T8,[💤SLEEPER][TIER 4] FP: 93.7pts (VORP: -24.8) | OL: 3.5/5 | 2-WR: 47%
176,Chuba Hubbard,CAR,RB,Tier T8,[🎯TARGET][TIER 9][🥈SILVER] FP: 151.9pts (VORP: -25.3) | OL: 3.0/5 | %RB1: 79%
177,Kyler Murray,MIN,QB,Tier T8,[💥EXODIA][TIER 8] FP: 259.6pts (VORP: -25.5) | OL: 4.0/5
178,Chig Okonkwo,WAS,TE,Tier T8,[TIER 4] FP: 89.9pts (VORP: -25.6) | OL: 2.0/5
179,Tyler Shough,NO,QB,Tier T8,[🎯TARGET][TIER 5][🔥CATALYST] Weapon Upgrades + O/S Top 100 | FP: 264.9pts (VORP: -25.7) | OL: 3.0/5
180,Jordan Love,GB,QB,Tier T8,[🟡PASS][TIER 8] FP: 255.3pts (VORP: -26.2) | OL: 2.0/5
181,Daniel Jones,IND,QB,Tier T8,[TIER 8] FP: 240.4pts (VORP: -27.3) | OL: 4.5/5
182,Stefon Diggs,WAS,WR,Tier T8,[⚠️DIRTY 30][TIER 7] FP: 144.8pts (VORP: -27.5) | OL: 2.0/5
183,Rico Dowdle,PIT,RB,Tier T8,[🎯TARGET][TIER 8][🥈SILVER] FP: 156.1pts (VORP: -28.3) | OL: 3.5/5 | %RB1: 69%
184,Jadarian Price,SEA,RB,Tier T8,[🎯TARGET][TIER 6][⚠️FOOL'S GOLD] FP: 155.0pts (VORP: -28.7) | OL: 3.5/5 | %RB1: 77% | 2-WR: 47%
185,Malik Willis,MIA,QB,Tier T8,[💥EXODIA][TIER 5] FP: 265.7pts (VORP: -28.7) | OL: 2.5/5
186,Matthew Golden,GB,WR,Tier T8,[TIER 8][⭐TOP OFFENSE] #8 Packers Offense - Most Undervalued Asset | FP: 115.3pts (VORP: -30.0) | OL: 2.0/5
187,C.J. Stroud,HOU,QB,Tier T8,[TIER 5][💲CONTRACT] FP: 246.8pts (VORP: -31.0) | OL: 3.0/5
188,Tony Pollard,TEN,RB,Tier T8,[⚠️DIRTY 30][TIER 7][⚠️FOOL'S GOLD] FP: 162.8pts (VORP: -31.3) | OL: 2.0/5 | %RB1: 59%
189,Pat Freiermuth,PIT,TE,Tier T8,[TIER 5] FP: 86.6pts (VORP: -31.4) | OL: 3.5/5
190,Xavier Worthy,KC,WR,Tier T8,[💤SLEEPER][TIER 8] FP: 119.1pts (VORP: -31.5) | OL: 3.0/5
191,Wan'Dale Robinson,TEN,WR,Tier T8,[🚫AVOID][TIER 7] FP: 105.6pts (VORP: -32.4) | OL: 2.0/5
192,Sam Darnold,SEA,QB,Tier T8,[TIER 5] FP: 247.2pts (VORP: -32.8) | OL: 3.5/5 | 2-WR: 47%
193,Deebo Samuel Sr.,SF,WR,Tier T8,[💤SLEEPER][TIER 8][⭐TOP OFFENSE] #7 49ers Offense - Most Undervalued Asset | FP: 121.5pts (VORP: -33.7) | OL: 4.0/5 | 2-WR: 48%
194,Kenyon Sadiq,NYJ,TE,Tier T8,[TIER 5][🔥CATALYST] New Situation (Rookie) + O/S Top 100 | FP: 73.4pts (VORP: -34.6) | OL: 3.0/5
195,Evan Engram,DEN,TE,Tier T8,[TIER 8] FP: 82.8pts (VORP: -34.9) | OL: 5.0/5
196,Gunnar Helm,TEN,TE,Tier T8,[TIER 5] FP: 83.6pts (VORP: -35.7) | OL: 2.0/5
197,Kenny Gainwell,TB,RB,Tier T8,[🚫AVOID][TIER 9][🥈SILVER] FP: 146.8pts (VORP: -36.6) | OL: 4.0/5 | %RB1: 75%
198,Tre Tucker,LV,WR,Tier T8,[TIER 9] FP: 108.9pts (VORP: -36.8) | OL: 2.5/5
199,Charlie Kolar,LAC,TE,Tier T8,[TIER 9] FP: 101.0pts (VORP: -38.0) | OL: 3.0/5
200,Khalil Shakir,BUF,WR,Tier T8,[🚫AVOID][TIER 8][🔬TALENT 92] FP: 108.9pts (VORP: -38.9) | OL: 4.5/5
201,Greg Dulcich,MIA,TE,Tier T8,[🎯TARGET][TIER 8] FP: 78.1pts (VORP: -39.2) | OL: 2.5/5
202,Jalen Coker,CAR,WR,Tier T8,[🎯TARGET][TIER 8] FP: 111.1pts (VORP: -40.0) | OL: 3.0/5
203,Cooper Kupp,SEA,WR,Tier T8,[TIER 11] FP: 121.6pts (VORP: -41.9) | OL: 3.5/5 | 2-WR: 47%
204,Jalen Nailor,LV,WR,Tier T8,[🎯TARGET][TIER 11] FP: 105.6pts (VORP: -42.0) | OL: 2.5/5
205,Aaron Jones Sr.,MIN,RB,Tier T8,[🚫AVOID][TIER 8][⚠️FOOL'S GOLD] FP: 145.8pts (VORP: -42.9) | OL: 4.0/5 | %RB1: 69% | Screen #5
206,Keenan Allen,IND,WR,Tier T8,[TIER 11] FP: 107.3pts (VORP: -43.1) | OL: 4.5/5
207,Jacoby Brissett,ARI,QB,Tier T8,[TIER 8] FP: 230.3pts (VORP: -43.6) | OL: 3.0/5
208,Bryce Young,CAR,QB,Tier T8,[TIER 8][💲CONTRACT] FP: 213.2pts (VORP: -43.7) | OL: 3.0/5
209,Ryan Flournoy,DAL,WR,Tier T8,[TIER 11] FP: 107.7pts (VORP: -45.0) | OL: 4.0/5
210,Terrance Ferguson,LAR,TE,Tier T8,[🎯TARGET][TIER 8] FP: 53.9pts (VORP: -45.2) | OL: 4.5/5
211,Colby Parkinson,LAR,TE,Tier T8,[TIER 8] FP: 72.7pts (VORP: -45.3) | OL: 4.5/5
212,Geno Smith,NYJ,QB,Tier T8,[TIER 8] FP: 222.9pts (VORP: -46.0) | OL: 3.0/5
213,Mike Gesicki,CIN,TE,Tier T8,[TIER 8] FP: 68.8pts (VORP: -46.1) | OL: 3.0/5
214,Aaron Rodgers,PIT,QB,Tier T8,[TIER 8] FP: 212.3pts (VORP: -46.3) | OL: 3.5/5
215,RJ Harvey,DEN,RB,Tier T8,[⚠️DIRTY 30][TIER 9][🥈SILVER] FP: 127.2pts (VORP: -46.7) | OL: 5.0/5 | %RB1: 56% | Screen #2 | Luck: -18.3pts
216,Makai Lemon,PHI,WR,Tier T8,[⚠️DIRTY 30][TIER 7] FP: 109.2pts (VORP: -46.8) | OL: 4.0/5
217,Cam Ward,TEN,QB,Tier T8,[TIER 5][🔥CATALYST] Weapon Upgrades + O/S Top 100 | FP: 209.8pts (VORP: -47.0) | OL: 2.0/5
218,Oronde Gadsden II,LAC,TE,Tier T8,[TIER 5] FP: 48.6pts (VORP: -48.1) | OL: 3.0/5
219,KC Concepcion,CLE,WR,Tier T8,[TIER 8] FP: 95.7pts (VORP: -48.2) | OL: 2.0/5 | 2-WR: 47%
220,Rashid Shaheed,SEA,WR,Tier T8,[💤SLEEPER][TIER 8] FP: 102.1pts (VORP: -48.3) | OL: 3.5/5 | 2-WR: 47%
221,Blake Corum,LAR,RB,Tier T8,[TIER 9][⭐TOP OFFENSE][⚠️FOOL'S GOLD] #1 Rams Offense - Most Undervalued Asset | FP: 133.7pts (VORP: -48.4) | OL: 4.5/5 | %RB1: 76%
222,Mason Taylor,NYJ,TE,Tier T8,[TIER 8] FP: 69.6pts (VORP: -49.6) | OL: 3.0/5
223,Dontayvion Wicks,PHI,WR,Tier T8,[TIER 10] FP: 107.8pts (VORP: -49.7) | OL: 4.0/5
224,Michael Mayer,LV,TE,Tier T8,[TIER 8] FP: 73.9pts (VORP: -50.6) | OL: 2.5/5
225,Caleb Douglas,MIA,WR,Tier T8,[TIER 13] FP: 91.6pts (VORP: -51.7) | OL: 2.5/5
226,Kyle Monangai,CHI,RB,Tier T8,[TIER 9][⚠️FOOL'S GOLD] FP: 129.7pts (VORP: -51.9) | OL: 4.0/5 | %RB1: 63%
227,Jonathon Brooks,CAR,RB,Tier T8,[💥EXODIA][TIER 8] FP: 129.1pts (VORP: -51.9) | OL: 3.0/5 | %RB1: 79%
228,Theo Johnson,NYG,TE,Tier T8,[TIER 8] FP: 67.4pts (VORP: -52.3) | OL: 3.0/5
229,Jerry Jeudy,CLE,WR,Tier T8,[🎯TARGET][TIER 10] FP: 101.5pts (VORP: -52.9) | OL: 2.0/5 | 2-WR: 47%
230,Darnell Washington,PIT,TE,Tier T8,[TIER 8] FP: 64.5pts (VORP: -53.6) | OL: 3.5/5
231,Jalen McMillan,TB,WR,Tier T8,[🎯TARGET][TIER 10] FP: 107.9pts (VORP: -53.8) | OL: 4.0/5
232,Cole Kmet,CHI,TE,Tier T8,[TIER 8] FP: 65.0pts (VORP: -54.5) | OL: 4.0/5
233,Dawson Knox,BUF,TE,Tier T8,[TIER 9] FP: 65.2pts (VORP: -54.6) | OL: 4.5/5
234,J.K. Dobbins,DEN,RB,Tier T8,[⚠️DIRTY 30][TIER 8][⚠️FOOL'S GOLD] FP: 107.9pts (VORP: -54.9) | OL: 5.0/5 | %RB1: 56% | Screen #2
235,DeMario Douglas,NE,WR,Tier T8,[TIER 13] OL: 3.0/5
236,Rachaad White,WAS,RB,Tier T8,[🚫AVOID][TIER 9][🥈SILVER] FP: 121.7pts (VORP: -56.3) | OL: 2.0/5 | %RB1: 65%
237,David Njoku,LAC,TE,Tier T8,[TIER 8] FP: 55.6pts (VORP: -57.1) | OL: 3.0/5
238,Rashod Bateman,BAL,WR,Tier T8,[TIER 11] FP: 93.6pts (VORP: -57.2) | OL: 3.0/5 | 2-WR: 60%
239,Darren Waller,CAR,TE,Tier T8,[TIER 8] FP: 51.6pts (VORP: -57.8) | OL: 3.0/5
240,Malik Washington,MIA,WR,Tier T8,[TIER 11] FP: 80.7pts (VORP: -57.8) | OL: 2.5/5
241,Erick All Jr.,CIN,TE,Tier T8,[TIER 9] OL: 3.0/5
242,Noah Gray,KC,TE,Tier T8,[TIER 9] FP: 48.3pts (VORP: -59.1) | OL: 3.0/5
243,Denzel Boston,CLE,WR,Tier T8,[🎯TARGET][TIER 9] FP: 86.5pts (VORP: -59.3) | OL: 2.0/5 | 2-WR: 47%
244,Tyler Higbee,LAR,TE,Tier T8,[TIER 8] FP: 53.7pts (VORP: -60.4) | OL: 4.5/5
245,Jauan Jennings,MIN,WR,Tier T8,[TIER 10] FP: 92.6pts (VORP: -61.6) | OL: 4.0/5
246,Jacory Croskey-Merritt,WAS,RB,Tier T8,[🟡PASS][TIER 9][⚠️FOOL'S GOLD] FP: 105.3pts (VORP: -62.8) | OL: 2.0/5 | %RB1: 65%
247,Elijah Arroyo,SEA,TE,Tier T8,[TIER 8] FP: 44.8pts (VORP: -63.1) | OL: 3.5/5 | 2-WR: 47%
248,Tre' Harris,LAC,WR,Tier T8,[💤SLEEPER][TIER 10] FP: 81.3pts (VORP: -63.2) | OL: 3.0/5
249,Kayshon Boutte,HOU,WR,Tier T8,[TIER 11] FP: 86.4pts (VORP: -63.9) | OL: 3.0/5
250,Noah Fant,NO,TE,Tier T8,[TIER 9] FP: 48.7pts (VORP: -64.5) | OL: 3.0/5
251,Adonai Mitchell,NYJ,WR,Tier T8,[TIER 9] FP: 95.7pts (VORP: -66.0) | OL: 3.0/5
252,Jordyn Tyson,NO,WR,Tier T8,[⚠️DIRTY 30][TIER 8] FP: 84.0pts (VORP: -66.3) | OL: 3.0/5
253,Devaughn Vele,NO,WR,Tier T8,[TIER 12] FP: 89.9pts (VORP: -66.4) | OL: 3.0/5
254,Calvin Ridley,TEN,WR,Tier T8,[TIER 11] FP: 90.9pts (VORP: -67.1) | OL: 2.0/5
255,Tyjae Spears,TEN,RB,Tier T8,[💤SLEEPER][TIER 8] FP: 110.2pts (VORP: -67.6) | OL: 2.0/5 | %RB1: 59%
256,De'Zhaun Stribling,SF,WR,Tier T8,[🎯TARGET][TIER 9] FP: 79.3pts (VORP: -67.6) | OL: 4.0/5 | 2-WR: 48%
257,Elijah Higgins,ARI,TE,Tier T8,[TIER 10] FP: 43.1pts (VORP: -69.9) | OL: 3.0/5
258,Daniel Bellinger,TEN,TE,Tier T8,[TIER 10] FP: 42.5pts (VORP: -70.6) | OL: 2.0/5
259,Jake Tonges,SF,TE,Tier T8,[TIER 8] FP: 42.6pts (VORP: -70.8) | OL: 4.0/5 | 2-WR: 48%
260,Austin Hooper,ATL,TE,Tier T8,[TIER 10] FP: 39.5pts (VORP: -71.6) | OL: 4.0/5 | 2-WR: 54%
261,Malachi Fields,NYG,WR,Tier T8,[TIER 12] FP: 76.0pts (VORP: -72.3) | OL: 3.0/5
262,Oscar Delp,NO,TE,Tier T8,[TIER 8] FP: 43.5pts (VORP: -72.6) | OL: 3.0/5
263,Tanner Hudson,CIN,TE,Tier T8,[TIER 12] FP: 39.0pts (VORP: -72.9) | OL: 3.0/5
264,Deshaun Watson,CLE,QB,Tier T8,[TIER 8] FP: 193.9pts (VORP: -73.5) | OL: 2.0/5 | 2-WR: 47%
265,Zach Charbonnet,SEA,RB,Tier T8,[💤SLEEPER][TIER 9][⭐TOP OFFENSE] #9 Seahawks Offense - Most Undervalued Asset | FP: 81.7pts (VORP: -74.5) | OL: 3.5/5 | %RB1: 77% | 2-WR: 47%
266,Tyquan Thornton,KC,WR,Tier T8,[TIER 12] FP: 69.2pts (VORP: -74.6) | OL: 3.0/5
267,Tommy Tremble,CAR,TE,Tier T8,[TIER 10] FP: 33.0pts (VORP: -74.8) | OL: 3.0/5
268,Pat Bryant,DEN,WR,Tier T8,[TIER 11] FP: 73.1pts (VORP: -74.9) | OL: 5.0/5
269,Omar Cooper Jr.,NYJ,WR,Tier T8,[TIER 11] FP: 79.3pts (VORP: -75.1) | OL: 3.0/5
270,KaVontae Turpin,DAL,WR,Tier T8,[TIER 14] FP: 86.7pts (VORP: -75.2) | OL: 4.0/5
271,Drew Sample,CIN,TE,Tier T8,[TIER 12] FP: 35.9pts (VORP: -75.2) | OL: 3.0/5
272,Chris Bell,MIA,WR,Tier T8,[TIER 12] OL: 2.5/5
273,Adam Trautman,DEN,TE,Tier T8,[TIER 11] OL: 5.0/5
274,Andrei Iosivas,CIN,WR,Tier T8,[TIER 13] OL: 3.0/5
275,Marlin Klein,HOU,TE,Tier T8,[TIER 10] OL: 3.0/5
276,John Bates,WAS,TE,Tier T8,[TIER 10] OL: 2.0/5
277,Josh Oliver,MIN,TE,Tier T8,[TIER 11] FP: 33.2pts (VORP: -77.2) | OL: 4.0/5
278,Travis Hunter,JAC,WR,Tier T8,[TIER 11] OL: 4.0/5
279,Will Kacmarek,MIA,TE,Tier T8,[TIER 11] FP: 32.9pts (VORP: -77.5) | OL: 2.5/5
280,Luke Musgrave,GB,TE,Tier T8,[TIER 9] OL: 2.0/5
281,Eli Raridon,NE,TE,Tier T8,[TIER 8] FP: 34.2pts (VORP: -78.2) | OL: 3.0/5
282,Jaylin Noel,HOU,WR,Tier T8,[TIER 11] FP: 83.5pts (VORP: -78.2) | OL: 3.0/5
283,Eli Stowers,PHI,TE,Tier T8,[TIER 8] OL: 4.0/5
284,Justice Hill,BAL,RB,Tier T8,[TIER 11] FP: 96.7pts (VORP: -78.4) | OL: 3.0/5 | %RB1: 63% | 2-WR: 60%
285,Ja'Tavion Sanders,CAR,TE,Tier T8,[TIER 9] FP: 29.3pts (VORP: -78.7) | OL: 3.0/5
286,Tank Dell,HOU,WR,Tier T8,[TIER 11][💲CONTRACT] FP: 73.3pts (VORP: -78.8) | OL: 3.0/5
287,Ja'Kobi Lane,BAL,WR,Tier T8,[TIER 12] FP: 70.8pts (VORP: -78.9) | OL: 3.0/5 | 2-WR: 60%
288,Isiah Pacheco,DET,RB,Tier T8,[🎯TARGET][TIER 9] FP: 113.7pts (VORP: -79.0) | OL: 3.5/5 | %RB1: 62%
289,Keaton Mitchell,LAC,RB,Tier T8,[🎯TARGET][TIER 9] FP: 101.6pts (VORP: -79.0) | OL: 3.0/5 | %RB1: 66%
290,Ben Sinnott,WAS,TE,Tier T8,[TIER 9] OL: 2.0/5
291,Woody Marks,HOU,RB,Tier T8,[TIER 8] FP: 79.9pts (VORP: -79.7) | OL: 3.0/5 | %RB1: 52%
292,Kendrick Bourne,ARI,WR,Tier T8,[TIER 13] FP: 75.6pts (VORP: -79.9) | OL: 3.0/5
293,Tommy Myers,FA,TE,Tier T8,[TIER 11]
294,Troy Franklin,DEN,WR,Tier T8,[💤SLEEPER][TIER 12] OL: 5.0/5
295,Xavier Legette,CAR,WR,Tier T8,[TIER 12] FP: 70.8pts (VORP: -81.9) | OL: 3.0/5
296,Darius Slayton,NYG,WR,Tier T8,[TIER 12] OL: 3.0/5
297,Marvin Mims Jr.,DEN,WR,Tier T8,[TIER 12] FP: 80.6pts (VORP: -82.2) | OL: 5.0/5
298,Isaac TeSlaa,DET,WR,Tier T8,[TIER 11] FP: 67.0pts (VORP: -82.9) | OL: 3.5/5
299,Cade Stover,HOU,TE,Tier T8,[TIER 12] OL: 3.0/5
300,Jackson Hawes,BUF,TE,Tier T8,[TIER 10] OL: 4.5/5
301,Jahan Dotson,ATL,WR,Tier T8,[TIER 13] FP: 65.8pts (VORP: -83.3) | OL: 4.0/5 | 2-WR: 54%
302,Luke Schoonmaker,DAL,TE,Tier T8,[TIER 11] OL: 4.0/5
303,Nate Boerkircher,JAC,TE,Tier T8,[TIER 11] OL: 4.0/5
304,Matt Hibner,BAL,TE,Tier T8,[TIER 10] OL: 3.0/5 | 2-WR: 60%
305,Germie Bernard,PIT,WR,Tier T8,[TIER 11] FP: 68.6pts (VORP: -85.0) | OL: 3.5/5
306,Michael Trigg,DAL,TE,Tier T8,[TIER 12] OL: 4.0/5
306,Taysom Hill,FA,TE,Tier T8,[TIER 13]
308,Jordan Mason,MIN,RB,Tier T8,[🎯TARGET][TIER 9][⚠️FOOL'S GOLD] FP: 68.4pts (VORP: -85.2) | OL: 4.0/5 | %RB1: 69% | Screen #5
309,Chris Rodriguez Jr.,JAC,RB,Tier T8,[🎯TARGET][TIER 8] FP: 72.4pts (VORP: -85.2) | OL: 4.0/5 | %RB1: 62% | Screen #1
310,Dylan Sampson,CLE,RB,Tier T8,[🎯TARGET][TIER 9] FP: 93.4pts (VORP: -85.6) | OL: 2.0/5 | %RB1: 58% | 2-WR: 47%
311,Ted Hurst III,TB,WR,Tier T8,[TIER 12] OL: 4.0/5
312,Zach Ertz,FA,TE,Tier T8,[TIER 11]
313,Tyler Allgeier,ARI,RB,Tier T8,[TIER 8] FP: 85.1pts (VORP: -87.5) | OL: 3.0/5 | %RB1: 60%
314,Max Klare,LAR,TE,Tier T8,[TIER 9] OL: 4.5/5
315,Keon Coleman,BUF,WR,Tier T8,[TIER 12] FP: 63.9pts (VORP: -87.8) | OL: 4.5/5
316,Zachariah Branch,ATL,WR,Tier T8,[TIER 12] OL: 4.0/5 | 2-WR: 54%
317,Mitchell Evans,CAR,TE,Tier T8,[TIER 10] OL: 3.0/5
318,Xavier Hutchinson,HOU,WR,Tier T8,[TIER 13] OL: 3.0/5
319,Elic Ayomanor,TEN,WR,Tier T8,[TIER 12] OL: 2.0/5
320,Samaje Perine,CIN,RB,Tier T8,[TIER 11] FP: 84.4pts (VORP: -91.7) | OL: 3.0/5 | %RB1: 75%
321,Kalif Raymond,CHI,WR,Tier T8,[TIER 14] OL: 4.0/5
322,Brian Robinson Jr.,ATL,RB,Tier T8,[TIER 9] FP: 83.5pts (VORP: -92.7) | OL: 4.0/5 | %RB1: 59% | 2-WR: 54% | Screen #3
323,Tory Horton,SEA,WR,Tier T8,[TIER 12] OL: 3.5/5 | 2-WR: 47%
324,Ty Johnson,BUF,RB,Tier T8,[TIER 11] FP: 90.9pts (VORP: -94.8) | OL: 4.5/5 | %RB1: 66%
325,Mike Washington Jr.,LV,RB,Tier T8,[🎯TARGET][TIER 10] FP: 80.0pts (VORP: -95.2) | OL: 2.5/5 | %RB1: 70%
326,Jalen Tolbert,MIA,WR,Tier T8,[TIER 13] OL: 2.5/5
327,Fernando Mendoza,LV,QB,Tier T8,[TIER 8] FP: 155.1pts (VORP: -96.0) | OL: 2.5/5
328,Justin Joly,DEN,TE,Tier T8,[TIER 9] OL: 5.0/5
328,Tanner Koziol,JAC,TE,Tier T8,[TIER 10] OL: 4.0/5
328,Sam Roush,CHI,TE,Tier T8,[TIER 11] OL: 4.0/5
331,Jack Bech,LV,WR,Tier T8,[TIER 12] OL: 2.5/5
332,Joshua Palmer,BUF,WR,Tier T8,[TIER 14] OL: 4.5/5
333,Cyrus Allen,KC,WR,Tier T8,[TIER 13] OL: 3.0/5
334,Tyreek Hill,FA,WR,Tier T8,[TIER 13]
335,Jonnu Smith,FA,TE,Tier T8,[TIER 11] FP: 4.0pts (VORP: -99.0)
336,Brandon Aiyuk,SF,WR,Tier T8,[💤SLEEPER][TIER 13] OL: 4.0/5 | 2-WR: 48%
337,Alvin Kamara,NO,RB,Tier T8,[TIER 9] FP: 66.9pts (VORP: -100.9) | OL: 3.0/5 | %RB1: 66%
338,Tyrone Tracy Jr.,NYG,RB,Tier T8,[TIER 9] FP: 64.5pts (VORP: -101.4) | OL: 3.0/5 | %RB1: 56%
339,Luke McCaffrey,WAS,WR,Tier T8,[TIER 13] OL: 2.0/5
340,Chimere Dike,TEN,WR,Tier T8,[TIER 12] OL: 2.0/5
341,MarShawn Lloyd,GB,RB,Tier T8,[🎯TARGET][TIER 10] FP: 67.0pts (VORP: -102.3) | OL: 2.0/5 | %RB1: 67%
342,Jonah Coleman,DEN,RB,Tier T8,[🎯TARGET][TIER 9] FP: 69.8pts (VORP: -103.3) | OL: 5.0/5 | %RB1: 56% | Screen #2
343,Darnell Mooney,NYG,WR,Tier T8,[TIER 12] OL: 3.0/5
344,Jacob Cowing,SF,WR,Tier T8,[TIER 14] OL: 4.0/5 | 2-WR: 48%
345,Chris Brazzell II,CAR,WR,Tier T8,[TIER 13] OL: 3.0/5
346,Jaydon Blue,DAL,RB,Tier T8,[TIER 10] FP: 76.0pts (VORP: -105.8) | OL: 4.0/5 | %RB1: 67%
347,Treylon Burks,WAS,WR,Tier T8,[TIER 13] OL: 2.0/5
348,Kevin Coleman Jr.,MIA,WR,Tier T8,[TIER 14] OL: 2.5/5
349,Antonio Williams,WAS,WR,Tier T8,[TIER 12] OL: 2.0/5
350,Christian Kirk,SF,WR,Tier T8,[TIER 12] OL: 4.0/5 | 2-WR: 48%
351,Michael Penix Jr.,ATL,QB,Tier T8,[TIER 8] FP: 118.5pts (VORP: -107.3) | OL: 4.0/5 | 2-WR: 54%
352,Mack Hollins,NE,WR,Tier T8,[TIER 13] OL: 3.0/5
353,Tua Tagovailoa,ATL,QB,Tier T8,[TIER 8] FP: 127.3pts (VORP: -110.1) | OL: 4.0/5 | 2-WR: 54%
354,Ashton Dulin,IND,WR,Tier T8,[TIER 14] OL: 4.5/5
355,Devontez Walker,BAL,WR,Tier T8,[TIER 14] OL: 3.0/5 | 2-WR: 60%
356,Kirk Cousins,LV,QB,Tier T8,[TIER 8] FP: 111.7pts (VORP: -111.1) | OL: 2.5/5
357,Olamide Zaccheaus,ATL,WR,Tier T8,[TIER 13] OL: 4.0/5 | 2-WR: 54%
358,Tank Bigsby,PHI,RB,Tier T8,[🎯TARGET][TIER 9] FP: 48.3pts (VORP: -111.7) | OL: 4.0/5 | %RB1: 67%
359,Malik Benson,LV,WR,Tier T8,[TIER 14] OL: 2.5/5
360,Kyle Williams,NE,WR,Tier T8,[TIER 13] OL: 3.0/5
361,Najee Harris,NYG,RB,Tier T8,[TIER 11] FP: 57.1pts (VORP: -113.7) | OL: 3.0/5 | %RB1: 56%
362,Hollywood Brown,PHI,WR,Tier T8,[TIER 13] OL: 4.0/5
363,John Metchie III,CAR,WR,Tier T8,[TIER 14] OL: 3.0/5
364,Brenen Thompson,LAC,WR,Tier T8,[TIER 13] OL: 3.0/5
365,Braelon Allen,NYJ,RB,Tier T8,[TIER 9] FP: 43.6pts (VORP: -116.6) | OL: 3.0/5 | %RB1: 61%
366,Roman Wilson,PIT,WR,Tier T8,[TIER 14] OL: 3.5/5
367,George Holani,SEA,RB,Tier T8,[TIER 11] FP: 54.0pts (VORP: -118.1) | OL: 3.5/5 | %RB1: 77% | 2-WR: 47%
368,Emmett Johnson,KC,RB,Tier T8,[TIER 10] FP: 63.9pts (VORP: -118.5) | OL: 3.0/5 | %RB1: 55%
369,Konata Mumpfield,LAR,WR,Tier T8,[TIER 13] OL: 4.5/5
370,LeQuint Allen Jr.,JAC,RB,Tier T8,[TIER 11] FP: 55.9pts (VORP: -118.6) | OL: 4.0/5 | %RB1: 62% | Screen #1
371,Colbie Young,CIN,WR,Tier T8,[TIER 14] OL: 3.0/5
372,Isaiah Davis,NYJ,RB,Tier T8,[TIER 11] FP: 60.5pts (VORP: -119.8) | OL: 3.0/5 | %RB1: 61%
373,Ray Davis,BUF,RB,Tier T8,[🎯TARGET][TIER 10] FP: 46.2pts (VORP: -119.8) | OL: 4.5/5 | %RB1: 66%
374,Trey Benson,ARI,RB,Tier T8,[TIER 12] OL: 3.0/5 | %RB1: 60%
375,Zavion Thomas,CHI,WR,Tier T8,[TIER 14] OL: 4.0/5
376,Jaylen Wright,MIA,RB,Tier T8,[TIER 11] FP: 55.9pts (VORP: -121.5) | OL: 2.5/5 | %RB1: 73%
377,Jordan Whittington,LAR,WR,Tier T8,[TIER 14] OL: 4.5/5
378,Malik Davis,DAL,RB,Tier T8,[TIER 11] OL: 4.0/5 | %RB1: 67%
379,Dyami Brown,WAS,WR,Tier T8,[TIER 14] OL: 2.0/5
380,Isaiah Bond,CLE,WR,Tier T8,[TIER 13] OL: 2.0/5 | 2-WR: 47%
381,Emari Demercado,KC,RB,Tier T8,[TIER 12] OL: 3.0/5 | %RB1: 55%
382,Bryce Lance,NO,WR,Tier T8,[TIER 13] OL: 3.0/5
383,Chris Brooks,GB,RB,Tier T8,[TIER 11] FP: 52.0pts (VORP: -123.9) | OL: 2.0/5 | %RB1: 67%
384,Kaytron Allen,WAS,RB,Tier T8,[TIER 10] FP: 54.2pts (VORP: -124.0) | OL: 2.0/5 | %RB1: 65%
385,Barion Brown,NO,WR,Tier T8,[TIER 14] OL: 3.0/5
386,Jahdae Walker,CHI,WR,Tier T8,[TIER 14] OL: 4.0/5
387,Lew Nichols III,PIT,RB,Tier T8,[TIER 14] OL: 3.5/5 | %RB1: 69%
387,Kenny McIntosh,FA,RB,Tier T8,[TIER 14] %RB1: 50%
387,Miles Davis,CAR,RB,Tier T8,[TIER 14] OL: 3.0/5 | %RB1: 79%
387,Miles Sanders,FA,RB,Tier T8,[TIER 14] %RB1: 50%
387,Cash Jones,ATL,RB,Tier T8,[TIER 14] OL: 4.0/5 | %RB1: 59% | 2-WR: 54% | Screen #3
387,Jaydn Ott,KC,RB,Tier T8,[TIER 14] OL: 3.0/5 | %RB1: 55%
387,Kene Nwangwu,NYJ,RB,Tier T8,[TIER 14] OL: 3.0/5 | %RB1: 61%
387,Ty Chandler,NO,RB,Tier T8,[TIER 14] OL: 3.0/5 | %RB1: 66%
395,Tutu Atwell,MIA,WR,Tier T8,[TIER 14] OL: 2.5/5
396,Skyler Bell,BUF,WR,Tier T8,[TIER 13] OL: 4.5/5
397,Kalel Mullings,TEN,RB,Tier T8,[TIER 14] OL: 2.0/5 | %RB1: 59%
397,Noah Whittington,HOU,RB,Tier T8,[TIER 13] OL: 3.0/5 | %RB1: 52%
397,Jamal Haynes,CIN,RB,Tier T8,[TIER 14] OL: 3.0/5 | %RB1: 75%
400,Demond Claiborne,MIN,RB,Tier T8,[TIER 11] FP: 59.7pts (VORP: -126.0) | OL: 4.0/5 | %RB1: 69% | Screen #5
401,Tez Johnson,TB,WR,Tier T8,[TIER 13] OL: 4.0/5
402,Savion Williams,GB,WR,Tier T8,[TIER 14] OL: 2.0/5
403,Tai Felton,MIN,WR,Tier T8,[TIER 14] OL: 4.0/5
404,Tim Patrick,NYJ,WR,Tier T8,[TIER 14] OL: 3.0/5
405,Deion Burks,IND,WR,Tier T8,[TIER 14] OL: 4.5/5
406,Demarcus Robinson,SF,WR,Tier T8,[TIER 14] OL: 4.0/5 | 2-WR: 48%
407,James Conner,ARI,RB,Tier T8,[TIER 10] FP: 39.2pts (VORP: -127.8) | OL: 3.0/5 | %RB1: 60%
408,Cedric Tillman,CLE,WR,Tier T8,[TIER 13] OL: 2.0/5 | 2-WR: 47%
409,Nick Westbrook-Ikhine,IND,WR,Tier T8,[TIER 14] OL: 4.5/5
410,Jimmy Horn Jr.,CAR,WR,Tier T8,[TIER 14] OL: 3.0/5
411,Kaelon Black,SF,RB,Tier T8,[🎯TARGET][TIER 11] FP: 39.4pts (VORP: -130.6) | OL: 4.0/5 | %RB1: 77% | 2-WR: 48%
412,Isaiah Williams,NYJ,WR,Tier T8,[TIER 14] OL: 3.0/5
413,Adam Randall,BAL,RB,Tier T8,[TIER 12] OL: 3.0/5 | %RB1: 63% | 2-WR: 60%
414,Elijah Sarratt,BAL,WR,Tier T8,[TIER 12] OL: 3.0/5 | 2-WR: 60%
415,Greg Dortch,DET,WR,Tier T8,[TIER 14] OL: 3.5/5
416,Ollie Gordon II,MIA,RB,Tier T8,[TIER 11] FP: 47.1pts (VORP: -133.3) | OL: 2.5/5 | %RB1: 73%
417,Jordan James,SF,RB,Tier T8,[TIER 11] FP: 40.7pts (VORP: -133.7) | OL: 4.0/5 | %RB1: 77% | 2-WR: 48%
418,Brashard Smith,KC,RB,Tier T8,[TIER 12] FP: 46.2pts (VORP: -134.2) | OL: 3.0/5 | %RB1: 55%
419,Kimani Vidal,LAC,RB,Tier T8,[TIER 10] FP: 30.6pts (VORP: -134.5) | OL: 3.0/5 | %RB1: 66%
420,Seth McGowan,IND,RB,Tier T8,[TIER 12] FP: 43.8pts (VORP: -135.7) | OL: 4.5/5 | %RB1: 69%
421,Lil'Jordan Humphrey,DEN,WR,Tier T8,[TIER 14] OL: 5.0/5
422,Dont'e Thornton Jr.,LV,WR,Tier T8,[TIER 14] OL: 2.5/5
423,Jaylin Lane,WAS,WR,Tier T8,[TIER 14] OL: 2.0/5
424,Nicholas Singleton,TEN,RB,Tier T8,[TIER 10] FP: 35.6pts (VORP: -137.2) | OL: 2.0/5 | %RB1: 59%
425,Marquez Valdes-Scantling,DAL,WR,Tier T8,[TIER 14] OL: 4.0/5
426,Jalen Royals,KC,WR,Tier T8,[TIER 13] OL: 3.0/5
426,Mitch Tinsley,CIN,WR,Tier T8,[TIER 14] OL: 3.0/5
428,Sione Vaki,DET,RB,Tier T8,[TIER 13] OL: 3.5/5 | %RB1: 62%
429,Odell Beckham Jr.,NYG,WR,Tier T8,[TIER 14] OL: 3.0/5
430,Kyle Juszczyk,SF,RB,Tier T8,[TIER 13] FP: 32.7pts (VORP: -140.5) | OL: 4.0/5 | %RB1: 77% | 2-WR: 48%
431,Xavier Restrepo,TEN,WR,Tier T8,[TIER 14] OL: 2.0/5
432,CJ Daniels,LAR,WR,Tier T8,[TIER 14] OL: 4.5/5
433,Frank Gore Jr.,BUF,RB,Tier T8,[TIER 14] OL: 4.5/5 | %RB1: 66%
434,KeAndre Lambert-Smith,LAC,WR,Tier T8,[TIER 14] OL: 3.0/5
435,Jordan Watkins,SF,WR,Tier T8,[TIER 14] OL: 4.0/5 | 2-WR: 48%
436,DJ Giddens,IND,RB,Tier T8,[TIER 12] FP: 37.0pts (VORP: -142.5) | OL: 4.5/5 | %RB1: 69%
437,Trevor Etienne,CAR,RB,Tier T8,[TIER 12] FP: 33.2pts (VORP: -142.7) | OL: 3.0/5 | %RB1: 79%
438,Xavier Smith,LAR,WR,Tier T8,[TIER 14] OL: 4.5/5
439,Raheim Sanders,CLE,RB,Tier T8,[TIER 13] OL: 2.0/5 | %RB1: 58% | 2-WR: 47%
440,DeAndre Hopkins,BAL,WR,Tier T8,[TIER 14] OL: 3.0/5 | 2-WR: 60%
441,Tahj Brooks,CIN,RB,Tier T8,[TIER 12] FP: 37.3pts (VORP: -143.9) | OL: 3.0/5 | %RB1: 75%
442,Devin Singletary,NYG,RB,Tier T8,[TIER 12] FP: 29.6pts (VORP: -144.4) | OL: 3.0/5 | %RB1: 56%
443,Will Shipley,PHI,RB,Tier T8,[TIER 12] FP: 29.3pts (VORP: -145.0) | OL: 4.0/5 | %RB1: 67%
444,Austin Ekeler,FA,RB,Tier T8,[TIER 13] %RB1: 50%
445,David Sills V,TB,WR,Tier T8,[TIER 14] OL: 4.0/5
445,Cedrick Wilson Jr.,DET,WR,Tier T8,[TIER 14] OL: 3.5/5
447,Sean Tucker,TB,RB,Tier T8,[TIER 10] FP: 27.3pts (VORP: -145.5) | OL: 4.0/5 | %RB1: 75%
448,Emanuel Wilson,SEA,RB,Tier T8,[TIER 11] FP: 35.2pts (VORP: -145.7) | OL: 3.5/5 | %RB1: 77% | 2-WR: 47%
449,Michael Woods II,DEN,WR,Tier T8,[TIER 14] OL: 5.0/5
449,Chris Blair,ATL,WR,Tier T8,[TIER 14] OL: 4.0/5 | 2-WR: 54%
451,Kendre Miller,NO,RB,Tier T8,[TIER 12] FP: 26.8pts (VORP: -148.1) | OL: 3.0/5 | %RB1: 66%
452,Elijah Moore,PHI,WR,Tier T8,[TIER 14] OL: 4.0/5
452,Reggie Virgil,ARI,WR,Tier T8,[TIER 14] OL: 3.0/5
454,Damien Martinez,GB,RB,Tier T8,[TIER 13] OL: 2.0/5 | %RB1: 67%
455,Zavier Scott,MIN,RB,Tier T8,[TIER 13] FP: 25.5pts (VORP: -149.7) | OL: 4.0/5 | %RB1: 69% | Screen #5
456,Michael Carter,TEN,RB,Tier T8,[TIER 13] OL: 2.0/5 | %RB1: 59%
457,Tyler Lockett,LV,WR,Tier T8,[TIER 14] OL: 2.5/5
457,Van Jefferson,WAS,WR,Tier T8,[TIER 14] OL: 2.0/5
459,Jaleel McLaughlin,DEN,RB,Tier T8,[TIER 12] OL: 5.0/5 | %RB1: 56% | Screen #2
460,Jawhar Jordan,HOU,RB,Tier T8,[TIER 13] FP: 25.6pts (VORP: -151.5) | OL: 3.0/5 | %RB1: 52%
461,Velus Jones Jr.,SEA,WR,Tier T8,[TIER 14] OL: 3.5/5 | 2-WR: 47%
462,Audric Estime,NO,RB,Tier T8,[TIER 12] OL: 3.0/5 | %RB1: 66%
462,Dameon Pierce,PHI,RB,Tier T8,[TIER 13] OL: 4.0/5 | %RB1: 67%
464,Shedeur Sanders,CLE,QB,Tier T8,[TIER 8] FP: 41.1pts (VORP: -153.2) | OL: 2.0/5 | 2-WR: 47%
465,Jalen Reagor,MIA,WR,Tier T8,[TIER 14] OL: 2.5/5
466,Roschon Johnson,CHI,RB,Tier T8,[TIER 13] OL: 4.0/5 | %RB1: 63%
467,Hunter Luepke,DAL,RB,Tier T8,[TIER 13] OL: 4.0/5 | %RB1: 67%
468,Dylan Laube,LV,RB,Tier T8,[TIER 13] OL: 2.5/5 | %RB1: 70%
469,Jeremy McNichols,WAS,RB,Tier T8,[TIER 13] OL: 2.0/5 | %RB1: 65%
470,Jam Miller,NE,RB,Tier T8,[TIER 13] OL: 3.0/5 | %RB1: 60% | Screen #4
471,Jarquez Hunter,LAR,RB,Tier T8,[TIER 12] OL: 4.5/5 | %RB1: 76%
472,Kareem Hunt,FA,RB,Tier T8,[TIER 12] %RB1: 50%
473,Terrell Jennings,FA,RB,Tier T8,[TIER 13] %RB1: 50%
474,Devin Neal,NO,RB,Tier T8,[TIER 12] OL: 3.0/5 | %RB1: 66%
475,J'Mari Taylor,JAC,RB,Tier T8,[TIER 13] OL: 4.0/5 | %RB1: 62% | Screen #1
476,Michael Burton,CLE,RB,Tier T8,[TIER 14] OL: 2.0/5 | %RB1: 58% | 2-WR: 47%
477,Eli Heidenreich,PIT,RB,Tier T8,[TIER 13] OL: 3.5/5 | %RB1: 69%
478,Khalil Herbert,SF,RB,Tier T8,[TIER 14] OL: 4.0/5 | %RB1: 77% | 2-WR: 48%
479,Isaac Guerendo,SF,RB,Tier T8,[TIER 12] OL: 4.0/5 | %RB1: 77% | 2-WR: 48%
480,Rasheen Ali,BAL,RB,Tier T8,[TIER 13] OL: 3.0/5 | %RB1: 63% | 2-WR: 60%
481,Jerome Ford,WAS,RB,Tier T8,[TIER 12] OL: 2.0/5 | %RB1: 65%
482,Jameis Winston,NYG,QB,Tier T8,[TIER 8] FP: 40.3pts (VORP: -162.4) | OL: 3.0/5
483,Antonio Gibson,FA,RB,Tier T8,[TIER 14] %RB1: 50%
484,J.J. McCarthy,MIN,QB,Tier T8,[TIER 8] FP: 47.5pts (VORP: -162.6) | OL: 4.0/5
485,Alec Ingold,LAC,RB,Tier T8,[TIER 14] OL: 3.0/5 | %RB1: 66%
486,Phil Mafah,DAL,RB,Tier T8,[TIER 13] OL: 4.0/5 | %RB1: 67%
487,Tyler Goodson,ATL,RB,Tier T8,[TIER 13] OL: 4.0/5 | %RB1: 59% | 2-WR: 54% | Screen #3
488,Roman Hemby,LV,RB,Tier T8,[TIER 13] OL: 2.5/5 | %RB1: 70%
489,Marcus Mariota,WAS,QB,Tier T8,[TIER 8] FP: 36.2pts (VORP: -165.0) | OL: 2.0/5
490,Joe Mixon,FA,RB,Tier T8,[TIER 13] %RB1: 50%
491,Carson Beck,ARI,QB,Tier T8,[TIER 8] FP: 37.9pts (VORP: -166.4) | OL: 3.0/5
492,Adam Prentice,DEN,RB,Tier T8,[TIER 14] OL: 5.0/5 | %RB1: 56% | Screen #2
493,Travis Homer,PIT,RB,Tier T8,[TIER 14] OL: 3.5/5 | %RB1: 69%
494,Justin Fields,KC,QB,Tier T8,[TIER 8] FP: 34.6pts (VORP: -168.3) | OL: 3.0/5
495,Ronnie Rivers,LAR,RB,Tier T8,[TIER 13] OL: 4.5/5 | %RB1: 76%
496,Nathan Carter,ATL,RB,Tier T8,[TIER 14] OL: 4.0/5 | %RB1: 59% | 2-WR: 54% | Screen #3
496,Max Bredeson,MIN,RB,Tier T8,[TIER 14] OL: 4.0/5 | %RB1: 69% | Screen #5
498,Kaleb Johnson,PIT,RB,Tier T8,[TIER 12] OL: 3.5/5 | %RB1: 69%
498,Patrick Ricard,NYG,RB,Tier T8,[TIER 14] OL: 3.0/5 | %RB1: 56%
498,Reggie Gilliam,NE,RB,Tier T8,[TIER 14] OL: 3.0/5 | %RB1: 60% | Screen #4
501,Robert Henry Jr.,WAS,RB,Tier T8,[TIER 13] OL: 2.0/5 | %RB1: 65%
502,Mac Jones,SF,QB,Tier T8,[TIER 8] FP: 31.9pts (VORP: -170.3) | OL: 4.0/5 | 2-WR: 48%
503,Tyson Bagent,CHI,QB,Tier T8,[TIER 9] FP: 33.3pts (VORP: -170.4) | OL: 4.0/5
504,Joe Milton III,DAL,QB,Tier T8,[TIER 9] FP: 32.5pts (VORP: -171.8) | OL: 4.0/5
505,Ty Simpson,LAR,QB,Tier T8,[TIER 8] OL: 4.5/5
506,Bam Knight,ARI,RB,Tier T8,[TIER 12] OL: 3.0/5 | %RB1: 60%
506,Jacob Saylors,DET,RB,Tier T8,[TIER 14] OL: 3.5/5 | %RB1: 62%
508,British Brooks,HOU,RB,Tier T8,[TIER 14] OL: 3.0/5 | %RB1: 52%
509,Joe Flacco,CIN,QB,Tier T8,[TIER 8] OL: 3.0/5
510,Tyrod Taylor,GB,QB,Tier T8,[TIER 9] OL: 2.0/5
511,Anthony Richardson Sr.,IND,QB,Tier T8,[TIER 8] OL: 4.5/5
512,Gardner Minshew II,ARI,QB,Tier T8,[TIER 9] OL: 3.0/5
513,Riley Leonard,IND,QB,Tier T8,[TIER 9] OL: 4.5/5
514,Jake Browning,TB,QB,Tier T8,[TIER 10] OL: 4.0/5
515,Cade Klubnik,NYJ,QB,Tier T8,[TIER 8] OL: 3.0/5
515,Drew Allar,PIT,QB,Tier T8,[TIER 10] OL: 3.5/5
