Player,Notes
Jahmyr Gibbs,[🎯TARGET][TIER 1][💲CONTRACT][⛏️GOLD STD][🔬TALENT 97] FP: 314.8pts (VORP: +160.5) | OL: 3.5/5 | %RB1: 62% | Luck: -19.0pts
Bijan Robinson,[🎯TARGET][TIER 1][💲CONTRACT][⛏️GOLD STD][🔬TALENT 99] FP: 304.3pts (VORP: +145.7) | OL: 4.0/5 | %RB1: 59% | 2-WR: 54% | Screen #3
Puka Nacua,[🎯TARGET][TIER 1][💲CONTRACT][🔬TALENT 99] FP: 259.3pts (VORP: +113.8) | OL: 4.5/5 | Luck: +20.8pts
Jonathan Taylor,[🎯TARGET][TIER 2][⛏️GOLD DIGGER] FP: 287.6pts (VORP: +108.5) | OL: 4.5/5 | %RB1: 69% | Luck: -16.8pts
Ja'Marr Chase,[🎯TARGET][TIER 1][🔬TALENT 94] FP: 234.0pts (VORP: +107.2) | OL: 3.0/5 | Luck: +22.8pts
Jaxon Smith-Njigba,[🎯TARGET][TIER 1][🔬TALENT 97] FP: 229.4pts (VORP: +89.0) | OL: 3.5/5 | 2-WR: 47%
Amon-Ra St. Brown,[🎯TARGET][TIER 2][🔬TALENT 95] FP: 219.6pts (VORP: +87.4) | OL: 3.5/5 | Luck: +22.2pts
Christian McCaffrey,[⚠️DIRTY 30][TIER 2] FP: 263.2pts (VORP: +83.4) | OL: 4.0/5 | %RB1: 77% | 2-WR: 48% | Luck: -30.9pts
James Cook III,[🎯TARGET][TIER 2][🥈SILVER] FP: 256.6pts (VORP: +82.0) | OL: 4.5/5 | %RB1: 66%
Saquon Barkley,[👑GURU 12][TIER 3][🥈SILVER] FP: 247.3pts (VORP: +71.7) | OL: 4.0/5 | %RB1: 67%
Kenneth Walker III,[💥EXODIA][TIER 3][⛏️GOLD STD][🔬TALENT 92] FP: 224.6pts (VORP: +67.4) | OL: 3.0/5 | %RB1: 55%
De'Von Achane,[⚠️DIRTY 30][TIER 3][💲CONTRACT][⛏️GOLD STD][🔬TALENT 94] FP: 243.0pts (VORP: +64.2) | OL: 2.5/5 | %RB1: 73% | Luck: +10.5pts
CeeDee Lamb,[🎯TARGET][TIER 2] FP: 208.1pts (VORP: +61.8) | OL: 4.0/5 | Luck: +35.5pts
Derrick Henry,[🎯TARGET][TIER 3][⛏️GOLD DIGGER] FP: 235.9pts (VORP: +60.0) | OL: 3.0/5 | %RB1: 63% | 2-WR: 60%
Chase Brown,[💥EXODIA][TIER 3][⭐TOP OFFENSE][⛏️GOLD STD] #4 Bengals Offense - Most Undervalued Asset | FP: 211.2pts (VORP: +60.0) | OL: 3.0/5 | %RB1: 75%
Omarion Hampton,[💥EXODIA][TIER 3][⛏️GOLD STD] FP: 201.3pts (VORP: +59.5) | OL: 3.0/5 | %RB1: 66%
Ashton Jeanty,[💥EXODIA][TIER 3][⛏️GOLD STD] FP: 199.0pts (VORP: +57.0) | OL: 2.5/5 | %RB1: 70%
Justin Jefferson,[🟡PASS][TIER 2] FP: 207.1pts (VORP: +55.6) | OL: 4.0/5
Drake London,[💥EXODIA][TIER 2][💲CONTRACT] FP: 190.7pts (VORP: +54.9) | OL: 4.0/5 | 2-WR: 54%
Brock Bowers,[💥EXODIA][TIER 1] FP: 173.1pts (VORP: +53.2) | OL: 2.5/5
Nico Collins,[🎯TARGET][TIER 2][🔬TALENT 96] FP: 184.7pts (VORP: +46.3) | OL: 3.0/5
Zay Flowers,[👑GURU 12][TIER 4][🔥CATALYST][💲CONTRACT][🔬TALENT 93] New OC | FP: 175.7pts (VORP: +46.2) | OL: 3.0/5 | 2-WR: 60% | Luck: +12.2pts
Josh Jacobs,[🎯TARGET][TIER 4][⛏️GOLD DIGGER] FP: 213.0pts (VORP: +44.8) | OL: 2.0/5 | %RB1: 67% | Luck: +13.3pts
Breece Hall,[💥EXODIA][TIER 4][🥈SILVER] FP: 209.8pts (VORP: +44.0) | OL: 3.0/5 | %RB1: 61%
A.J. Brown,[🎯TARGET][TIER 2][💲CONTRACT] FP: 182.4pts (VORP: +41.0) | OL: 3.0/5
Tee Higgins,[💥EXODIA][TIER 4] FP: 182.3pts (VORP: +39.8) | OL: 3.0/5 | Luck: +14.7pts
Chris Olave,[🎯TARGET][TIER 2][💲CONTRACT] FP: 184.9pts (VORP: +37.1) | OL: 3.0/5 | Luck: +23.5pts
DeVonta Smith,[🎯TARGET][TIER 3] FP: 172.3pts (VORP: +36.0) | OL: 4.0/5 | Luck: +10.1pts
George Pickens,[⚠️DIRTY 30][TIER 2][🔬TALENT 91] FP: 179.9pts (VORP: +34.7) | OL: 4.0/5
Kyren Williams,[⚠️DIRTY 30][TIER 4][⛏️GOLD DIGGER] FP: 202.4pts (VORP: +34.1) | OL: 4.5/5 | %RB1: 76%
Josh Allen,[🎯TARGET][TIER 1][🔬TALENT 99] FP: 335.9pts (VORP: +32.3) | OL: 4.5/5
Ladd McConkey,[🎯TARGET][TIER 4][🔥CATALYST] New OC | FP: 169.3pts (VORP: +30.5) | OL: 3.0/5 | Luck: +10.0pts
Rashee Rice,[🟡PASS][TIER 3][💲CONTRACT] FP: 186.8pts (VORP: +27.6) | OL: 3.0/5
Malik Nabers,[🎯TARGET][TIER 3] FP: 167.6pts (VORP: +24.9) | OL: 3.0/5
Trey McBride,[⚠️DIRTY 30][TIER 1][🔬TALENT 96] FP: 156.3pts (VORP: +23.9) | OL: 3.0/5
Javonte Williams,[👑GURU 12][TIER 4] FP: 203.3pts (VORP: +22.5) | OL: 4.0/5 | %RB1: 67%
Tyler Warren,[💥EXODIA][TIER 2] FP: 147.8pts (VORP: +22.0) | OL: 4.5/5
Colston Loveland,[🎯TARGET][TIER 2][🔥CATALYST][🔬TALENT 93] Role Increase (Qualifies as New Situation) | FP: 149.4pts (VORP: +20.6) | OL: 4.0/5
Garrett Wilson,[🟡PASS][TIER 4] FP: 175.6pts (VORP: +20.5) | OL: 3.0/5
Cam Skattebo,[💥EXODIA][TIER 5][🔥CATALYST][⛏️GOLD STD] New Situation + O/S Top 12 RBs | FP: 164.5pts (VORP: +20.2) | OL: 3.0/5 | %RB1: 56%
Jameson Williams,[💤SLEEPER][TIER 5] FP: 167.2pts (VORP: +19.7) | OL: 3.5/5
David Montgomery,[💥EXODIA][TIER 5][🔥CATALYST][🥈SILVER] New Situation + O/S Top 12 RBs | FP: 202.7pts (VORP: +18.0) | OL: 3.0/5 | %RB1: 52% | Luck: -14.7pts
Jaylen Waddle,[💥EXODIA][TIER 4][🔥CATALYST] New Team / New QB | FP: 155.7pts (VORP: +15.9) | OL: 5.0/5 | Luck: +17.1pts
Terry McLaurin,[👑GURU 12][TIER 5] FP: 160.7pts (VORP: +14.8) | OL: 2.0/5
Drake Maye,[🎯TARGET][TIER 2][🔥CATALYST] Weapon Upgrades | FP: 306.0pts (VORP: +13.1) | OL: 3.0/5
Luther Burden III,[💥EXODIA][TIER 5][🔥CATALYST][🔬TALENT 93] New/Elevated Role | FP: 148.8pts (VORP: +12.1) | OL: 4.0/5 | Luck: -13.4pts
Davante Adams,[⚠️DIRTY 30][TIER 5] FP: 171.1pts (VORP: +12.0) | OL: 4.5/5 | Luck: +17.5pts
Emeka Egbuka,[⚠️DIRTY 30][TIER 4][🔥CATALYST] New OC / Role | FP: 160.3pts (VORP: +11.3) | OL: 4.0/5
Christian Watson,[💥EXODIA][TIER 5] FP: 158.5pts (VORP: +10.8) | OL: 2.0/5
Lamar Jackson,[🚫AVOID][TIER 1][🔬TALENT 92] FP: 312.2pts (VORP: +10.1) | OL: 3.0/5 | 2-WR: 60% | Luck: +21.0pts
D'Andre Swift,[🎯TARGET][TIER 5][⚠️FOOL'S GOLD] FP: 187.0pts (VORP: +9.3) | OL: 4.0/5 | %RB1: 63%
Travis Etienne Jr.,[⚠️DIRTY 30][TIER 5][🔥CATALYST][🥈SILVER] New Situation + O/S Top 12 RBs | FP: 181.3pts (VORP: +9.3) | OL: 3.0/5 | %RB1: 66% | Luck: -11.8pts
Quinshon Judkins,[⚠️DIRTY 30][TIER 5][🔥CATALYST][🥈SILVER] New Situation + O/S Top 12 RBs | FP: 189.2pts (VORP: +9.0) | OL: 2.0/5 | %RB1: 58% | 2-WR: 47%
Tetairoa McMillan,[⚠️DIRTY 30][TIER 4] FP: 154.9pts (VORP: +8.9) | OL: 3.0/5
Jalen Hurts,[🎯TARGET][TIER 2] FP: 303.4pts (VORP: +8.7) | OL: 4.0/5
Parker Washington,[💥EXODIA][TIER 6][💲CONTRACT] FP: 152.9pts (VORP: +8.5) | OL: 4.0/5
Rome Odunze,[🎯TARGET][TIER 5][⭐TOP OFFENSE] #10 Bears Offense - Most Undervalued Asset | FP: 151.4pts (VORP: +7.1) | OL: 4.0/5
Rhamondre Stevenson,[🎯TARGET][TIER 7][🥈SILVER] FP: 181.7pts (VORP: +7.1) | OL: 3.0/5 | %RB1: 60% | Screen #4 | Luck: +18.3pts
Jayden Daniels,[🎯TARGET][TIER 2] FP: 309.0pts (VORP: +5.1) | OL: 2.0/5 | Luck: +12.4pts
Mike Evans,[💥EXODIA][TIER 5] FP: 161.9pts (VORP: +4.7) | OL: 4.0/5 | 2-WR: 48%
DJ Moore,[🎯TARGET][TIER 5][⭐TOP OFFENSE] #2 Bills Offense - Most Undervalued Asset | FP: 150.1pts (VORP: +4.3) | OL: 4.5/5 | Luck: -16.2pts
Kyle Pitts Sr.,[🟡PASS][TIER 3] FP: 132.5pts (VORP: +4.2) | OL: 4.0/5 | 2-WR: 54%
Sam LaPorta,[👑GURU 12][TIER 3][💲CONTRACT][🔬TALENT 95] FP: 131.9pts (VORP: +4.0) | OL: 3.5/5
Harold Fannin Jr.,[🎯TARGET][TIER 3][🔥CATALYST] New Situation | FP: 125.4pts (VORP: +3.5) | OL: 2.0/5 | 2-WR: 47%
Brian Thomas Jr.,[🎯TARGET][TIER 6] FP: 149.6pts (VORP: +3.0) | OL: 4.0/5 | Luck: +11.1pts
Houston Texans,[TIER 8] FP: 103.0pts (VORP: +1.5) | OL: 3.0/5
Los Angeles Rams,[TIER 8] FP: 102.7pts (VORP: +1.4) | OL: 4.5/5
Brandon Aubrey,[🎯TARGET][TIER 8] FP: 136.9pts (VORP: +1.2) | OL: 4.0/5
Seattle Seahawks,[🎯TARGET][TIER 8] FP: 101.3pts (VORP: +1.1) | OL: 3.5/5 | 2-WR: 47%
Denver Broncos,[TIER 8] FP: 100.5pts (VORP: +1.0) | OL: 5.0/5
Jake Bates,[🎯TARGET][TIER 8] FP: 135.7pts (VORP: +1.0) | OL: 3.5/5
Philadelphia Eagles,[TIER 8] FP: 100.3pts (VORP: +0.9) | OL: 4.0/5
Jacksonville Jaguars,[🎯TARGET][TIER 8] FP: 100.2pts (VORP: +0.9) | OL: 4.0/5
Bucky Irving,[⚠️DIRTY 30][TIER 5][🥈SILVER] FP: 189.4pts (VORP: +0.8) | OL: 4.0/5 | %RB1: 75%
Joe Burrow,[⚠️DIRTY 30][TIER 2][🔬TALENT 95] FP: 295.7pts (VORP: +0.7) | OL: 3.0/5 | Luck: +16.3pts
Blake Grupe,[TIER 8] OL: 4.5/5
Minnesota Vikings,[TIER 8] FP: 98.0pts (VORP: +0.5) | OL: 4.0/5
Harrison Mevis,[TIER 8] FP: 132.9pts (VORP: +0.4) | OL: 4.5/5
New England Patriots,[TIER 8] FP: 97.3pts (VORP: +0.3) | OL: 3.0/5
Kansas City Chiefs,[TIER 8] FP: 97.2pts (VORP: +0.3) | OL: 3.0/5
Tucker Kraft,[💥EXODIA][TIER 3][💲CONTRACT][🔬TALENT 92] FP: 124.0pts (VORP: +0.2) | OL: 2.0/5
Green Bay Packers,[TIER 8] FP: 96.4pts (VORP: +0.2) | OL: 2.0/5
Los Angeles Chargers,[TIER 8] FP: 96.1pts (VORP: +0.1) | OL: 3.0/5
Cairo Santos,[TIER 8] FP: 131.1pts (VORP: +0.1) | OL: 4.0/5
Pittsburgh Steelers,[TIER 8] FP: 95.8pts (VORP: +0.1) | OL: 3.5/5
New Orleans Saints,[TIER 8] FP: 95.7pts (VORP: +0.0) | OL: 3.0/5
Jason Myers,[TIER 8] FP: 130.7pts (VORP: -0.0) | OL: 3.5/5 | 2-WR: 47%
Eddy Pineiro,[TIER 8] FP: 130.6pts (VORP: -0.0) | OL: 4.0/5 | 2-WR: 48%
Tyler Bass,[TIER 8] FP: 130.6pts (VORP: -0.0) | OL: 4.5/5
Ka'imi Fairbairn,[TIER 8] FP: 130.5pts (VORP: -0.1) | OL: 3.0/5
Cameron Dicker,[TIER 8] FP: 130.3pts (VORP: -0.1) | OL: 3.0/5
Spencer Shrader,[TIER 8] FP: 130.2pts (VORP: -0.1) | OL: 4.5/5
Baltimore Ravens,[TIER 8] FP: 94.8pts (VORP: -0.1) | OL: 3.0/5 | 2-WR: 60%
Tyler Loop,[TIER 8] FP: 130.0pts (VORP: -0.2) | OL: 3.0/5 | 2-WR: 60%
Buffalo Bills,[TIER 8] FP: 94.6pts (VORP: -0.2) | OL: 4.5/5
Carolina Panthers,[TIER 8] FP: 94.5pts (VORP: -0.2) | OL: 3.0/5
Harrison Butker,[TIER 8] FP: 129.5pts (VORP: -0.3) | OL: 3.0/5
Indianapolis Colts,[TIER 8] FP: 94.0pts (VORP: -0.3) | OL: 4.5/5
San Francisco 49ers,[TIER 8] FP: 93.7pts (VORP: -0.4) | OL: 4.0/5 | 2-WR: 48%
Cam Little,[TIER 8] FP: 128.7pts (VORP: -0.4) | OL: 4.0/5
Atlanta Falcons,[TIER 8] FP: 93.2pts (VORP: -0.5) | OL: 4.0/5 | 2-WR: 54%
Jeremiyah Love,[⚠️DIRTY 30][TIER 4][🥈SILVER] FP: 185.5pts (VORP: -0.5) | OL: 3.0/5 | %RB1: 60%
George Kittle,[⚠️DIRTY 30][TIER 3][🔬TALENT 99] FP: 124.1pts (VORP: -0.6) | OL: 4.0/5 | 2-WR: 48%
Trey Smack,[TIER 8] FP: 127.8pts (VORP: -0.6) | OL: 2.0/5
Chase McLaughlin,[TIER 8] FP: 127.7pts (VORP: -0.6) | OL: 4.0/5
Jake Elliott,[TIER 8] FP: 127.6pts (VORP: -0.6) | OL: 4.0/5
Nick Folk,[TIER 8] FP: 127.2pts (VORP: -0.7) | OL: 4.0/5 | 2-WR: 54%
Evan McPherson,[TIER 8] FP: 126.9pts (VORP: -0.8) | OL: 3.0/5
Detroit Lions,[TIER 8] FP: 91.6pts (VORP: -0.8) | OL: 3.5/5
Tampa Bay Buccaneers,[TIER 8] FP: 90.9pts (VORP: -0.9) | OL: 4.0/5
Wil Lutz,[TIER 8] FP: 125.5pts (VORP: -1.1) | OL: 5.0/5
New York Giants,[TIER 8] FP: 90.1pts (VORP: -1.1) | OL: 3.0/5
Chicago Bears,[TIER 8] FP: 89.6pts (VORP: -1.2) | OL: 4.0/5
Charlie Smyth,[TIER 8] FP: 124.6pts (VORP: -1.2) | OL: 3.0/5
Will Reichard,[TIER 8] FP: 124.6pts (VORP: -1.2) | OL: 4.0/5
Washington Commanders,[TIER 8] FP: 89.1pts (VORP: -1.3) | OL: 2.0/5
Andy Borregales,[TIER 8] FP: 123.7pts (VORP: -1.4) | OL: 3.0/5
Daniel Carlson,[TIER 8] OL: 3.0/5
Las Vegas Raiders,[TIER 8] FP: 88.1pts (VORP: -1.5) | OL: 2.5/5
Justin Herbert,[👑GURU 12][TIER 3] FP: 280.6pts (VORP: -1.5) | OL: 3.0/5
Miami Dolphins,[TIER 8] FP: 87.8pts (VORP: -1.6) | OL: 2.5/5
Cleveland Browns,[TIER 8] FP: 87.0pts (VORP: -1.7) | OL: 2.0/5 | 2-WR: 47%
Tennessee Titans,[TIER 8] FP: 86.0pts (VORP: -1.9) | OL: 2.0/5
Trevor Lawrence,[👑GURU 12][TIER 3][🔥CATALYST] Weapon Upgrades | FP: 282.3pts (VORP: -1.9) | OL: 4.0/5 | Luck: +12.7pts
Chris Boswell,[TIER 8] FP: 120.4pts (VORP: -2.1) | OL: 3.5/5
Dallas Cowboys,[TIER 8] FP: 85.2pts (VORP: -2.1) | OL: 4.0/5
Chad Ryland,[TIER 8] FP: 120.3pts (VORP: -2.1) | OL: 3.0/5
Cincinnati Bengals,[TIER 8] FP: 84.7pts (VORP: -2.2) | OL: 3.0/5
Mark Andrews,"[🎯TARGET][TIER 8][🔥CATALYST][⭐TOP OFFENSE] Role Increase, New Situation + O/S Top 100 - #5 Ravens Offense - Most Undervalued Asset | FP: 122.8pts (VORP: -2.4) | OL: 3.0/5 | 2-WR: 60%"
Bhayshul Tuten,[💥EXODIA][TIER 6][🔥CATALYST] New Situation + O/S Top 12 RBs | FP: 188.0pts (VORP: -2.4) | OL: 4.0/5 | %RB1: 62% | Screen #1
Jason Sanders,[TIER 8] OL: 3.0/5
Joey Slye,[TIER 8] FP: 117.1pts (VORP: -2.7) | OL: 2.0/5
Quentin Johnston,[💤SLEEPER][TIER 6][💲CONTRACT] FP: 148.0pts (VORP: -2.8) | OL: 3.0/5
New York Jets,[TIER 8] FP: 81.3pts (VORP: -2.8) | OL: 3.0/5
Ryan Fitzgerald,[TIER 8] FP: 112.2pts (VORP: -3.7) | OL: 3.0/5
Brock Purdy,[🎯TARGET][TIER 3][🔬TALENT 91] FP: 278.9pts (VORP: -4.8) | OL: 4.0/5 | 2-WR: 48%
Caleb Williams,[🎯TARGET][TIER 3] FP: 272.9pts (VORP: -5.0) | OL: 4.0/5 | Luck: -25.3pts
DK Metcalf,[🚫AVOID][TIER 6] FP: 148.1pts (VORP: -5.0) | OL: 3.5/5
Travis Kelce,[🚫AVOID][TIER 8] FP: 127.3pts (VORP: -5.2) | OL: 3.0/5 | Luck: -11.5pts
Dak Prescott,[🎯TARGET][TIER 3][⭐TOP OFFENSE] #6 Cowboys Offense - Most Undervalued Asset | FP: 295.5pts (VORP: -6.2) | OL: 4.0/5 | Luck: -16.4pts
Dallas Goedert,[🎯TARGET][TIER 8] FP: 125.6pts (VORP: -6.7) | OL: 4.0/5 | Luck: -35.1pts
Michael Pittman Jr.,[🟡PASS][TIER 6][👑GURU 12] FP: 142.6pts (VORP: -8.7) | OL: 3.5/5
Patrick Mahomes II,[TIER 4] FP: 269.9pts (VORP: -10.0) | OL: 3.0/5 | Luck: -12.4pts
Jaylen Warren,[⚠️DIRTY 30][TIER 7][⛏️GOLD STD] FP: 164.4pts (VORP: -10.0) | OL: 3.5/5 | %RB1: 69%
Bo Nix,[💤SLEEPER][TIER 4] FP: 270.8pts (VORP: -10.3) | OL: 5.0/5 | Luck: -16.6pts
Juwan Johnson,[🎯TARGET][TIER 8] FP: 118.6pts (VORP: -10.8) | OL: 3.0/5
Dalton Kincaid,[🎯TARGET][TIER 8][💲CONTRACT] FP: 107.4pts (VORP: -11.8) | OL: 4.5/5
Courtland Sutton,[🚫AVOID][TIER 6] FP: 145.4pts (VORP: -12.3) | OL: 5.0/5
Jake Ferguson,[🚫AVOID][TIER 8] FP: 124.4pts (VORP: -12.3) | OL: 4.0/5 | Luck: +11.1pts
Brenton Strange,[🎯TARGET][TIER 4] FP: 116.7pts (VORP: -12.6) | OL: 4.0/5
Jaxson Dart,[⚠️DIRTY 30][TIER 4][🔥CATALYST] Weapon Upgrades | FP: 273.7pts (VORP: -13.4) | OL: 3.0/5 | Luck: +14.1pts
Isaiah Likely,[TIER 8][🔥CATALYST] New Situation + O/S Top 100 | FP: 100.4pts (VORP: -14.4) | OL: 3.0/5
Ben Sauls,[TIER 8] OL: 3.0/5
Hunter Henry,[TIER 4] FP: 107.4pts (VORP: -15.3) | OL: 3.0/5
Jared Goff,[TIER 5][⭐TOP OFFENSE] #3 Lions Offense - Most Undervalued Asset | FP: 262.4pts (VORP: -15.6) | OL: 3.5/5
Jake Moody,[TIER 8]
Brandon McManus,[TIER 8]
Zane Gonzalez,[TIER 8]
Carnell Tate,[⚠️DIRTY 30][TIER 6] FP: 134.8pts (VORP: -16.2) | OL: 2.0/5
Jordan Addison,[💤SLEEPER][TIER 7][💲CONTRACT] FP: 134.9pts (VORP: -16.8) | OL: 4.0/5
Marvin Harrison Jr.,[🟡PASS][TIER 6] FP: 125.4pts (VORP: -17.0) | OL: 3.0/5 | Luck: +23.4pts
Jakobi Meyers,[🟡PASS][TIER 7] FP: 145.3pts (VORP: -17.8) | OL: 4.0/5
Dalton Schultz,[TIER 4] FP: 107.8pts (VORP: -18.4) | OL: 3.0/5
Matthew Stafford,[TIER 4] FP: 271.6pts (VORP: -18.4) | OL: 4.5/5
TreVeyon Henderson,[⚠️DIRTY 30][TIER 6][⚠️FOOL'S GOLD] FP: 158.0pts (VORP: -18.7) | OL: 3.0/5 | %RB1: 60% | Screen #4
T.J. Hockenson,[TIER 8] FP: 102.6pts (VORP: -20.6) | OL: 4.0/5
Michael Wilson,[TIER 6][💲CONTRACT] FP: 117.9pts (VORP: -20.6) | OL: 3.0/5 | Luck: +11.5pts
Alec Pierce,[💤SLEEPER][TIER 6] FP: 111.9pts (VORP: -20.7) | OL: 4.5/5 | Luck: +17.2pts
Chris Godwin Jr.,[🎯TARGET][TIER 6] FP: 126.5pts (VORP: -20.9) | OL: 4.0/5
Josh Downs,[💥EXODIA][TIER 7][💲CONTRACT] FP: 120.2pts (VORP: -20.9) | OL: 4.5/5
Romeo Doubs,[🎯TARGET][TIER 8] FP: 129.0pts (VORP: -22.1) | OL: 3.0/5
Baker Mayfield,[TIER 8] FP: 251.4pts (VORP: -23.1) | OL: 4.0/5 | Luck: -10.6pts
Jayden Reed,[💤SLEEPER][TIER 7] FP: 133.4pts (VORP: -24.2) | OL: 2.0/5
Cade Otton,[💤SLEEPER][TIER 5] FP: 97.3pts (VORP: -24.4) | OL: 4.0/5
AJ Barner,[💤SLEEPER][TIER 4] FP: 93.7pts (VORP: -24.8) | OL: 3.5/5 | 2-WR: 47%
Chuba Hubbard,[🎯TARGET][TIER 9][🥈SILVER] FP: 151.9pts (VORP: -25.3) | OL: 3.0/5 | %RB1: 79%
Kyler Murray,[💥EXODIA][TIER 8] FP: 259.6pts (VORP: -25.5) | OL: 4.0/5
Chig Okonkwo,[TIER 4] FP: 89.9pts (VORP: -25.6) | OL: 2.0/5
Tyler Shough,[🎯TARGET][TIER 5][🔥CATALYST] Weapon Upgrades + O/S Top 100 | FP: 264.9pts (VORP: -25.7) | OL: 3.0/5
Jordan Love,[🟡PASS][TIER 8] FP: 255.3pts (VORP: -26.2) | OL: 2.0/5
Daniel Jones,[TIER 8] FP: 240.4pts (VORP: -27.3) | OL: 4.5/5
Stefon Diggs,[⚠️DIRTY 30][TIER 7] FP: 144.8pts (VORP: -27.5) | OL: 2.0/5
Rico Dowdle,[🎯TARGET][TIER 8][🥈SILVER] FP: 156.1pts (VORP: -28.3) | OL: 3.5/5 | %RB1: 69%
Jadarian Price,[🎯TARGET][TIER 6][⚠️FOOL'S GOLD] FP: 155.0pts (VORP: -28.7) | OL: 3.5/5 | %RB1: 77% | 2-WR: 47%
Malik Willis,[💥EXODIA][TIER 5] FP: 265.7pts (VORP: -28.7) | OL: 2.5/5
Matthew Golden,[TIER 8][⭐TOP OFFENSE] #8 Packers Offense - Most Undervalued Asset | FP: 115.3pts (VORP: -30.0) | OL: 2.0/5
C.J. Stroud,[TIER 5][💲CONTRACT] FP: 246.8pts (VORP: -31.0) | OL: 3.0/5
Tony Pollard,[⚠️DIRTY 30][TIER 7][⚠️FOOL'S GOLD] FP: 162.8pts (VORP: -31.3) | OL: 2.0/5 | %RB1: 59%
Pat Freiermuth,[TIER 5] FP: 86.6pts (VORP: -31.4) | OL: 3.5/5
Xavier Worthy,[💤SLEEPER][TIER 8] FP: 119.1pts (VORP: -31.5) | OL: 3.0/5
Wan'Dale Robinson,[🚫AVOID][TIER 7] FP: 105.6pts (VORP: -32.4) | OL: 2.0/5
Sam Darnold,[TIER 5] FP: 247.2pts (VORP: -32.8) | OL: 3.5/5 | 2-WR: 47%
Deebo Samuel Sr.,[💤SLEEPER][TIER 8][⭐TOP OFFENSE] #7 49ers Offense - Most Undervalued Asset | FP: 121.5pts (VORP: -33.7) | OL: 4.0/5 | 2-WR: 48%
Kenyon Sadiq,[TIER 5][🔥CATALYST] New Situation (Rookie) + O/S Top 100 | FP: 73.4pts (VORP: -34.6) | OL: 3.0/5
Evan Engram,[TIER 8] FP: 82.8pts (VORP: -34.9) | OL: 5.0/5
Gunnar Helm,[TIER 5] FP: 83.6pts (VORP: -35.7) | OL: 2.0/5
Kenny Gainwell,[🚫AVOID][TIER 9][🥈SILVER] FP: 146.8pts (VORP: -36.6) | OL: 4.0/5 | %RB1: 75%
Tre Tucker,[TIER 9] FP: 108.9pts (VORP: -36.8) | OL: 2.5/5
Charlie Kolar,[TIER 9] FP: 101.0pts (VORP: -38.0) | OL: 3.0/5
Khalil Shakir,[🚫AVOID][TIER 8][🔬TALENT 92] FP: 108.9pts (VORP: -38.9) | OL: 4.5/5
Greg Dulcich,[🎯TARGET][TIER 8] FP: 78.1pts (VORP: -39.2) | OL: 2.5/5
Jalen Coker,[🎯TARGET][TIER 8] FP: 111.1pts (VORP: -40.0) | OL: 3.0/5
Cooper Kupp,[TIER 11] FP: 121.6pts (VORP: -41.9) | OL: 3.5/5 | 2-WR: 47%
Jalen Nailor,[🎯TARGET][TIER 11] FP: 105.6pts (VORP: -42.0) | OL: 2.5/5
Aaron Jones Sr.,[🚫AVOID][TIER 8][⚠️FOOL'S GOLD] FP: 145.8pts (VORP: -42.9) | OL: 4.0/5 | %RB1: 69% | Screen #5
Keenan Allen,[TIER 11] FP: 107.3pts (VORP: -43.1) | OL: 4.5/5
Jacoby Brissett,[TIER 8] FP: 230.3pts (VORP: -43.6) | OL: 3.0/5
Bryce Young,[TIER 8][💲CONTRACT] FP: 213.2pts (VORP: -43.7) | OL: 3.0/5
Ryan Flournoy,[TIER 11] FP: 107.7pts (VORP: -45.0) | OL: 4.0/5
Terrance Ferguson,[🎯TARGET][TIER 8] FP: 53.9pts (VORP: -45.2) | OL: 4.5/5
Colby Parkinson,[TIER 8] FP: 72.7pts (VORP: -45.3) | OL: 4.5/5
Geno Smith,[TIER 8] FP: 222.9pts (VORP: -46.0) | OL: 3.0/5
Mike Gesicki,[TIER 8] FP: 68.8pts (VORP: -46.1) | OL: 3.0/5
Aaron Rodgers,[TIER 8] FP: 212.3pts (VORP: -46.3) | OL: 3.5/5
RJ Harvey,[⚠️DIRTY 30][TIER 9][🥈SILVER] FP: 127.2pts (VORP: -46.7) | OL: 5.0/5 | %RB1: 56% | Screen #2 | Luck: -18.3pts
Makai Lemon,[⚠️DIRTY 30][TIER 7] FP: 109.2pts (VORP: -46.8) | OL: 4.0/5
Cam Ward,[TIER 5][🔥CATALYST] Weapon Upgrades + O/S Top 100 | FP: 209.8pts (VORP: -47.0) | OL: 2.0/5
Oronde Gadsden II,[TIER 5] FP: 48.6pts (VORP: -48.1) | OL: 3.0/5
KC Concepcion,[TIER 8] FP: 95.7pts (VORP: -48.2) | OL: 2.0/5 | 2-WR: 47%
Rashid Shaheed,[💤SLEEPER][TIER 8] FP: 102.1pts (VORP: -48.3) | OL: 3.5/5 | 2-WR: 47%
Blake Corum,[TIER 9][⭐TOP OFFENSE][⚠️FOOL'S GOLD] #1 Rams Offense - Most Undervalued Asset | FP: 133.7pts (VORP: -48.4) | OL: 4.5/5 | %RB1: 76%
Mason Taylor,[TIER 8] FP: 69.6pts (VORP: -49.6) | OL: 3.0/5
Dontayvion Wicks,[TIER 10] FP: 107.8pts (VORP: -49.7) | OL: 4.0/5
Michael Mayer,[TIER 8] FP: 73.9pts (VORP: -50.6) | OL: 2.5/5
Caleb Douglas,[TIER 13] FP: 91.6pts (VORP: -51.7) | OL: 2.5/5
Kyle Monangai,[TIER 9][⚠️FOOL'S GOLD] FP: 129.7pts (VORP: -51.9) | OL: 4.0/5 | %RB1: 63%
Jonathon Brooks,[💥EXODIA][TIER 8] FP: 129.1pts (VORP: -51.9) | OL: 3.0/5 | %RB1: 79%
Theo Johnson,[TIER 8] FP: 67.4pts (VORP: -52.3) | OL: 3.0/5
Jerry Jeudy,[🎯TARGET][TIER 10] FP: 101.5pts (VORP: -52.9) | OL: 2.0/5 | 2-WR: 47%
Darnell Washington,[TIER 8] FP: 64.5pts (VORP: -53.6) | OL: 3.5/5
Jalen McMillan,[🎯TARGET][TIER 10] FP: 107.9pts (VORP: -53.8) | OL: 4.0/5
Cole Kmet,[TIER 8] FP: 65.0pts (VORP: -54.5) | OL: 4.0/5
Dawson Knox,[TIER 9] FP: 65.2pts (VORP: -54.6) | OL: 4.5/5
J.K. Dobbins,[⚠️DIRTY 30][TIER 8][⚠️FOOL'S GOLD] FP: 107.9pts (VORP: -54.9) | OL: 5.0/5 | %RB1: 56% | Screen #2
DeMario Douglas,[TIER 13] OL: 3.0/5
Rachaad White,[🚫AVOID][TIER 9][🥈SILVER] FP: 121.7pts (VORP: -56.3) | OL: 2.0/5 | %RB1: 65%
David Njoku,[TIER 8] FP: 55.6pts (VORP: -57.1) | OL: 3.0/5
Rashod Bateman,[TIER 11] FP: 93.6pts (VORP: -57.2) | OL: 3.0/5 | 2-WR: 60%
Darren Waller,[TIER 8] FP: 51.6pts (VORP: -57.8) | OL: 3.0/5
Malik Washington,[TIER 11] FP: 80.7pts (VORP: -57.8) | OL: 2.5/5
Erick All Jr.,[TIER 9] OL: 3.0/5
Noah Gray,[TIER 9] FP: 48.3pts (VORP: -59.1) | OL: 3.0/5
Denzel Boston,[🎯TARGET][TIER 9] FP: 86.5pts (VORP: -59.3) | OL: 2.0/5 | 2-WR: 47%
Tyler Higbee,[TIER 8] FP: 53.7pts (VORP: -60.4) | OL: 4.5/5
Jauan Jennings,[TIER 10] FP: 92.6pts (VORP: -61.6) | OL: 4.0/5
Jacory Croskey-Merritt,[🟡PASS][TIER 9][⚠️FOOL'S GOLD] FP: 105.3pts (VORP: -62.8) | OL: 2.0/5 | %RB1: 65%
Elijah Arroyo,[TIER 8] FP: 44.8pts (VORP: -63.1) | OL: 3.5/5 | 2-WR: 47%
Tre' Harris,[💤SLEEPER][TIER 10] FP: 81.3pts (VORP: -63.2) | OL: 3.0/5
Kayshon Boutte,[TIER 11] FP: 86.4pts (VORP: -63.9) | OL: 3.0/5
Noah Fant,[TIER 9] FP: 48.7pts (VORP: -64.5) | OL: 3.0/5
Adonai Mitchell,[TIER 9] FP: 95.7pts (VORP: -66.0) | OL: 3.0/5
Jordyn Tyson,[⚠️DIRTY 30][TIER 8] FP: 84.0pts (VORP: -66.3) | OL: 3.0/5
Devaughn Vele,[TIER 12] FP: 89.9pts (VORP: -66.4) | OL: 3.0/5
Calvin Ridley,[TIER 11] FP: 90.9pts (VORP: -67.1) | OL: 2.0/5
Tyjae Spears,[💤SLEEPER][TIER 8] FP: 110.2pts (VORP: -67.6) | OL: 2.0/5 | %RB1: 59%
De'Zhaun Stribling,[🎯TARGET][TIER 9] FP: 79.3pts (VORP: -67.6) | OL: 4.0/5 | 2-WR: 48%
Elijah Higgins,[TIER 10] FP: 43.1pts (VORP: -69.9) | OL: 3.0/5
Daniel Bellinger,[TIER 10] FP: 42.5pts (VORP: -70.6) | OL: 2.0/5
Jake Tonges,[TIER 8] FP: 42.6pts (VORP: -70.8) | OL: 4.0/5 | 2-WR: 48%
Austin Hooper,[TIER 10] FP: 39.5pts (VORP: -71.6) | OL: 4.0/5 | 2-WR: 54%
Malachi Fields,[TIER 12] FP: 76.0pts (VORP: -72.3) | OL: 3.0/5
Oscar Delp,[TIER 8] FP: 43.5pts (VORP: -72.6) | OL: 3.0/5
Tanner Hudson,[TIER 12] FP: 39.0pts (VORP: -72.9) | OL: 3.0/5
Deshaun Watson,[TIER 8] FP: 193.9pts (VORP: -73.5) | OL: 2.0/5 | 2-WR: 47%
Zach Charbonnet,[💤SLEEPER][TIER 9][⭐TOP OFFENSE] #9 Seahawks Offense - Most Undervalued Asset | FP: 81.7pts (VORP: -74.5) | OL: 3.5/5 | %RB1: 77% | 2-WR: 47%
Tyquan Thornton,[TIER 12] FP: 69.2pts (VORP: -74.6) | OL: 3.0/5
Tommy Tremble,[TIER 10] FP: 33.0pts (VORP: -74.8) | OL: 3.0/5
Pat Bryant,[TIER 11] FP: 73.1pts (VORP: -74.9) | OL: 5.0/5
Omar Cooper Jr.,[TIER 11] FP: 79.3pts (VORP: -75.1) | OL: 3.0/5
KaVontae Turpin,[TIER 14] FP: 86.7pts (VORP: -75.2) | OL: 4.0/5
Drew Sample,[TIER 12] FP: 35.9pts (VORP: -75.2) | OL: 3.0/5
Chris Bell,[TIER 12] OL: 2.5/5
Adam Trautman,[TIER 11] OL: 5.0/5
Andrei Iosivas,[TIER 13] OL: 3.0/5
Marlin Klein,[TIER 10] OL: 3.0/5
John Bates,[TIER 10] OL: 2.0/5
Josh Oliver,[TIER 11] FP: 33.2pts (VORP: -77.2) | OL: 4.0/5
Travis Hunter,[TIER 11] OL: 4.0/5
Will Kacmarek,[TIER 11] FP: 32.9pts (VORP: -77.5) | OL: 2.5/5
Luke Musgrave,[TIER 9] OL: 2.0/5
Eli Raridon,[TIER 8] FP: 34.2pts (VORP: -78.2) | OL: 3.0/5
Jaylin Noel,[TIER 11] FP: 83.5pts (VORP: -78.2) | OL: 3.0/5
Eli Stowers,[TIER 8] OL: 4.0/5
Justice Hill,[TIER 11] FP: 96.7pts (VORP: -78.4) | OL: 3.0/5 | %RB1: 63% | 2-WR: 60%
Ja'Tavion Sanders,[TIER 9] FP: 29.3pts (VORP: -78.7) | OL: 3.0/5
Tank Dell,[TIER 11][💲CONTRACT] FP: 73.3pts (VORP: -78.8) | OL: 3.0/5
Ja'Kobi Lane,[TIER 12] FP: 70.8pts (VORP: -78.9) | OL: 3.0/5 | 2-WR: 60%
Isiah Pacheco,[🎯TARGET][TIER 9] FP: 113.7pts (VORP: -79.0) | OL: 3.5/5 | %RB1: 62%
Keaton Mitchell,[🎯TARGET][TIER 9] FP: 101.6pts (VORP: -79.0) | OL: 3.0/5 | %RB1: 66%
Ben Sinnott,[TIER 9] OL: 2.0/5
Woody Marks,[TIER 8] FP: 79.9pts (VORP: -79.7) | OL: 3.0/5 | %RB1: 52%
Kendrick Bourne,[TIER 13] FP: 75.6pts (VORP: -79.9) | OL: 3.0/5
Tommy Myers,[TIER 11]
Troy Franklin,[💤SLEEPER][TIER 12] OL: 5.0/5
Xavier Legette,[TIER 12] FP: 70.8pts (VORP: -81.9) | OL: 3.0/5
Darius Slayton,[TIER 12] OL: 3.0/5
Marvin Mims Jr.,[TIER 12] FP: 80.6pts (VORP: -82.2) | OL: 5.0/5
Isaac TeSlaa,[TIER 11] FP: 67.0pts (VORP: -82.9) | OL: 3.5/5
Cade Stover,[TIER 12] OL: 3.0/5
Jackson Hawes,[TIER 10] OL: 4.5/5
Jahan Dotson,[TIER 13] FP: 65.8pts (VORP: -83.3) | OL: 4.0/5 | 2-WR: 54%
Luke Schoonmaker,[TIER 11] OL: 4.0/5
Nate Boerkircher,[TIER 11] OL: 4.0/5
Matt Hibner,[TIER 10] OL: 3.0/5 | 2-WR: 60%
Germie Bernard,[TIER 11] FP: 68.6pts (VORP: -85.0) | OL: 3.5/5
Michael Trigg,[TIER 12] OL: 4.0/5
Taysom Hill,[TIER 13]
Jordan Mason,[🎯TARGET][TIER 9][⚠️FOOL'S GOLD] FP: 68.4pts (VORP: -85.2) | OL: 4.0/5 | %RB1: 69% | Screen #5
Chris Rodriguez Jr.,[🎯TARGET][TIER 8] FP: 72.4pts (VORP: -85.2) | OL: 4.0/5 | %RB1: 62% | Screen #1
Dylan Sampson,[🎯TARGET][TIER 9] FP: 93.4pts (VORP: -85.6) | OL: 2.0/5 | %RB1: 58% | 2-WR: 47%
Ted Hurst III,[TIER 12] OL: 4.0/5
Zach Ertz,[TIER 11]
Tyler Allgeier,[TIER 8] FP: 85.1pts (VORP: -87.5) | OL: 3.0/5 | %RB1: 60%
Max Klare,[TIER 9] OL: 4.5/5
Keon Coleman,[TIER 12] FP: 63.9pts (VORP: -87.8) | OL: 4.5/5
Zachariah Branch,[TIER 12] OL: 4.0/5 | 2-WR: 54%
Mitchell Evans,[TIER 10] OL: 3.0/5
Xavier Hutchinson,[TIER 13] OL: 3.0/5
Elic Ayomanor,[TIER 12] OL: 2.0/5
Samaje Perine,[TIER 11] FP: 84.4pts (VORP: -91.7) | OL: 3.0/5 | %RB1: 75%
Kalif Raymond,[TIER 14] OL: 4.0/5
Brian Robinson Jr.,[TIER 9] FP: 83.5pts (VORP: -92.7) | OL: 4.0/5 | %RB1: 59% | 2-WR: 54% | Screen #3
Tory Horton,[TIER 12] OL: 3.5/5 | 2-WR: 47%
Ty Johnson,[TIER 11] FP: 90.9pts (VORP: -94.8) | OL: 4.5/5 | %RB1: 66%
Mike Washington Jr.,[🎯TARGET][TIER 10] FP: 80.0pts (VORP: -95.2) | OL: 2.5/5 | %RB1: 70%
Jalen Tolbert,[TIER 13] OL: 2.5/5
Fernando Mendoza,[TIER 8] FP: 155.1pts (VORP: -96.0) | OL: 2.5/5
Justin Joly,[TIER 9] OL: 5.0/5
Tanner Koziol,[TIER 10] OL: 4.0/5
Sam Roush,[TIER 11] OL: 4.0/5
Jack Bech,[TIER 12] OL: 2.5/5
Joshua Palmer,[TIER 14] OL: 4.5/5
Cyrus Allen,[TIER 13] OL: 3.0/5
Tyreek Hill,[TIER 13]
Jonnu Smith,[TIER 11] FP: 4.0pts (VORP: -99.0)
Brandon Aiyuk,[💤SLEEPER][TIER 13] OL: 4.0/5 | 2-WR: 48%
Alvin Kamara,[TIER 9] FP: 66.9pts (VORP: -100.9) | OL: 3.0/5 | %RB1: 66%
Tyrone Tracy Jr.,[TIER 9] FP: 64.5pts (VORP: -101.4) | OL: 3.0/5 | %RB1: 56%
Luke McCaffrey,[TIER 13] OL: 2.0/5
Chimere Dike,[TIER 12] OL: 2.0/5
MarShawn Lloyd,[🎯TARGET][TIER 10] FP: 67.0pts (VORP: -102.3) | OL: 2.0/5 | %RB1: 67%
Jonah Coleman,[🎯TARGET][TIER 9] FP: 69.8pts (VORP: -103.3) | OL: 5.0/5 | %RB1: 56% | Screen #2
Darnell Mooney,[TIER 12] OL: 3.0/5
Jacob Cowing,[TIER 14] OL: 4.0/5 | 2-WR: 48%
Chris Brazzell II,[TIER 13] OL: 3.0/5
Jaydon Blue,[TIER 10] FP: 76.0pts (VORP: -105.8) | OL: 4.0/5 | %RB1: 67%
Treylon Burks,[TIER 13] OL: 2.0/5
Kevin Coleman Jr.,[TIER 14] OL: 2.5/5
Antonio Williams,[TIER 12] OL: 2.0/5
Christian Kirk,[TIER 12] OL: 4.0/5 | 2-WR: 48%
Michael Penix Jr.,[TIER 8] FP: 118.5pts (VORP: -107.3) | OL: 4.0/5 | 2-WR: 54%
Mack Hollins,[TIER 13] OL: 3.0/5
Tua Tagovailoa,[TIER 8] FP: 127.3pts (VORP: -110.1) | OL: 4.0/5 | 2-WR: 54%
Ashton Dulin,[TIER 14] OL: 4.5/5
Devontez Walker,[TIER 14] OL: 3.0/5 | 2-WR: 60%
Kirk Cousins,[TIER 8] FP: 111.7pts (VORP: -111.1) | OL: 2.5/5
Olamide Zaccheaus,[TIER 13] OL: 4.0/5 | 2-WR: 54%
Tank Bigsby,[🎯TARGET][TIER 9] FP: 48.3pts (VORP: -111.7) | OL: 4.0/5 | %RB1: 67%
Malik Benson,[TIER 14] OL: 2.5/5
Kyle Williams,[TIER 13] OL: 3.0/5
Najee Harris,[TIER 11] FP: 57.1pts (VORP: -113.7) | OL: 3.0/5 | %RB1: 56%
Hollywood Brown,[TIER 13] OL: 4.0/5
John Metchie III,[TIER 14] OL: 3.0/5
Brenen Thompson,[TIER 13] OL: 3.0/5
Braelon Allen,[TIER 9] FP: 43.6pts (VORP: -116.6) | OL: 3.0/5 | %RB1: 61%
Roman Wilson,[TIER 14] OL: 3.5/5
George Holani,[TIER 11] FP: 54.0pts (VORP: -118.1) | OL: 3.5/5 | %RB1: 77% | 2-WR: 47%
Emmett Johnson,[TIER 10] FP: 63.9pts (VORP: -118.5) | OL: 3.0/5 | %RB1: 55%
Konata Mumpfield,[TIER 13] OL: 4.5/5
LeQuint Allen Jr.,[TIER 11] FP: 55.9pts (VORP: -118.6) | OL: 4.0/5 | %RB1: 62% | Screen #1
Colbie Young,[TIER 14] OL: 3.0/5
Isaiah Davis,[TIER 11] FP: 60.5pts (VORP: -119.8) | OL: 3.0/5 | %RB1: 61%
Ray Davis,[🎯TARGET][TIER 10] FP: 46.2pts (VORP: -119.8) | OL: 4.5/5 | %RB1: 66%
Trey Benson,[TIER 12] OL: 3.0/5 | %RB1: 60%
Zavion Thomas,[TIER 14] OL: 4.0/5
Jaylen Wright,[TIER 11] FP: 55.9pts (VORP: -121.5) | OL: 2.5/5 | %RB1: 73%
Jordan Whittington,[TIER 14] OL: 4.5/5
Malik Davis,[TIER 11] OL: 4.0/5 | %RB1: 67%
Dyami Brown,[TIER 14] OL: 2.0/5
Isaiah Bond,[TIER 13] OL: 2.0/5 | 2-WR: 47%
Emari Demercado,[TIER 12] OL: 3.0/5 | %RB1: 55%
Bryce Lance,[TIER 13] OL: 3.0/5
Chris Brooks,[TIER 11] FP: 52.0pts (VORP: -123.9) | OL: 2.0/5 | %RB1: 67%
Kaytron Allen,[TIER 10] FP: 54.2pts (VORP: -124.0) | OL: 2.0/5 | %RB1: 65%
Barion Brown,[TIER 14] OL: 3.0/5
Jahdae Walker,[TIER 14] OL: 4.0/5
Lew Nichols III,[TIER 14] OL: 3.5/5 | %RB1: 69%
Kenny McIntosh,[TIER 14] %RB1: 50%
Miles Davis,[TIER 14] OL: 3.0/5 | %RB1: 79%
Miles Sanders,[TIER 14] %RB1: 50%
Cash Jones,[TIER 14] OL: 4.0/5 | %RB1: 59% | 2-WR: 54% | Screen #3
Jaydn Ott,[TIER 14] OL: 3.0/5 | %RB1: 55%
Kene Nwangwu,[TIER 14] OL: 3.0/5 | %RB1: 61%
Ty Chandler,[TIER 14] OL: 3.0/5 | %RB1: 66%
Tutu Atwell,[TIER 14] OL: 2.5/5
Skyler Bell,[TIER 13] OL: 4.5/5
Kalel Mullings,[TIER 14] OL: 2.0/5 | %RB1: 59%
Noah Whittington,[TIER 13] OL: 3.0/5 | %RB1: 52%
Jamal Haynes,[TIER 14] OL: 3.0/5 | %RB1: 75%
Demond Claiborne,[TIER 11] FP: 59.7pts (VORP: -126.0) | OL: 4.0/5 | %RB1: 69% | Screen #5
Tez Johnson,[TIER 13] OL: 4.0/5
Savion Williams,[TIER 14] OL: 2.0/5
Tai Felton,[TIER 14] OL: 4.0/5
Tim Patrick,[TIER 14] OL: 3.0/5
Deion Burks,[TIER 14] OL: 4.5/5
Demarcus Robinson,[TIER 14] OL: 4.0/5 | 2-WR: 48%
James Conner,[TIER 10] FP: 39.2pts (VORP: -127.8) | OL: 3.0/5 | %RB1: 60%
Cedric Tillman,[TIER 13] OL: 2.0/5 | 2-WR: 47%
Nick Westbrook-Ikhine,[TIER 14] OL: 4.5/5
Jimmy Horn Jr.,[TIER 14] OL: 3.0/5
Kaelon Black,[🎯TARGET][TIER 11] FP: 39.4pts (VORP: -130.6) | OL: 4.0/5 | %RB1: 77% | 2-WR: 48%
Isaiah Williams,[TIER 14] OL: 3.0/5
Adam Randall,[TIER 12] OL: 3.0/5 | %RB1: 63% | 2-WR: 60%
Elijah Sarratt,[TIER 12] OL: 3.0/5 | 2-WR: 60%
Greg Dortch,[TIER 14] OL: 3.5/5
Ollie Gordon II,[TIER 11] FP: 47.1pts (VORP: -133.3) | OL: 2.5/5 | %RB1: 73%
Jordan James,[TIER 11] FP: 40.7pts (VORP: -133.7) | OL: 4.0/5 | %RB1: 77% | 2-WR: 48%
Brashard Smith,[TIER 12] FP: 46.2pts (VORP: -134.2) | OL: 3.0/5 | %RB1: 55%
Kimani Vidal,[TIER 10] FP: 30.6pts (VORP: -134.5) | OL: 3.0/5 | %RB1: 66%
Seth McGowan,[TIER 12] FP: 43.8pts (VORP: -135.7) | OL: 4.5/5 | %RB1: 69%
Lil'Jordan Humphrey,[TIER 14] OL: 5.0/5
Dont'e Thornton Jr.,[TIER 14] OL: 2.5/5
Jaylin Lane,[TIER 14] OL: 2.0/5
Nicholas Singleton,[TIER 10] FP: 35.6pts (VORP: -137.2) | OL: 2.0/5 | %RB1: 59%
Marquez Valdes-Scantling,[TIER 14] OL: 4.0/5
Jalen Royals,[TIER 13] OL: 3.0/5
Mitch Tinsley,[TIER 14] OL: 3.0/5
Sione Vaki,[TIER 13] OL: 3.5/5 | %RB1: 62%
Odell Beckham Jr.,[TIER 14] OL: 3.0/5
Kyle Juszczyk,[TIER 13] FP: 32.7pts (VORP: -140.5) | OL: 4.0/5 | %RB1: 77% | 2-WR: 48%
Xavier Restrepo,[TIER 14] OL: 2.0/5
CJ Daniels,[TIER 14] OL: 4.5/5
Frank Gore Jr.,[TIER 14] OL: 4.5/5 | %RB1: 66%
KeAndre Lambert-Smith,[TIER 14] OL: 3.0/5
Jordan Watkins,[TIER 14] OL: 4.0/5 | 2-WR: 48%
DJ Giddens,[TIER 12] FP: 37.0pts (VORP: -142.5) | OL: 4.5/5 | %RB1: 69%
Trevor Etienne,[TIER 12] FP: 33.2pts (VORP: -142.7) | OL: 3.0/5 | %RB1: 79%
Xavier Smith,[TIER 14] OL: 4.5/5
Raheim Sanders,[TIER 13] OL: 2.0/5 | %RB1: 58% | 2-WR: 47%
DeAndre Hopkins,[TIER 14] OL: 3.0/5 | 2-WR: 60%
Tahj Brooks,[TIER 12] FP: 37.3pts (VORP: -143.9) | OL: 3.0/5 | %RB1: 75%
Devin Singletary,[TIER 12] FP: 29.6pts (VORP: -144.4) | OL: 3.0/5 | %RB1: 56%
Will Shipley,[TIER 12] FP: 29.3pts (VORP: -145.0) | OL: 4.0/5 | %RB1: 67%
Austin Ekeler,[TIER 13] %RB1: 50%
David Sills V,[TIER 14] OL: 4.0/5
Cedrick Wilson Jr.,[TIER 14] OL: 3.5/5
Sean Tucker,[TIER 10] FP: 27.3pts (VORP: -145.5) | OL: 4.0/5 | %RB1: 75%
Emanuel Wilson,[TIER 11] FP: 35.2pts (VORP: -145.7) | OL: 3.5/5 | %RB1: 77% | 2-WR: 47%
Michael Woods II,[TIER 14] OL: 5.0/5
Chris Blair,[TIER 14] OL: 4.0/5 | 2-WR: 54%
Kendre Miller,[TIER 12] FP: 26.8pts (VORP: -148.1) | OL: 3.0/5 | %RB1: 66%
Elijah Moore,[TIER 14] OL: 4.0/5
Reggie Virgil,[TIER 14] OL: 3.0/5
Damien Martinez,[TIER 13] OL: 2.0/5 | %RB1: 67%
Zavier Scott,[TIER 13] FP: 25.5pts (VORP: -149.7) | OL: 4.0/5 | %RB1: 69% | Screen #5
Michael Carter,[TIER 13] OL: 2.0/5 | %RB1: 59%
Tyler Lockett,[TIER 14] OL: 2.5/5
Van Jefferson,[TIER 14] OL: 2.0/5
Jaleel McLaughlin,[TIER 12] OL: 5.0/5 | %RB1: 56% | Screen #2
Jawhar Jordan,[TIER 13] FP: 25.6pts (VORP: -151.5) | OL: 3.0/5 | %RB1: 52%
Velus Jones Jr.,[TIER 14] OL: 3.5/5 | 2-WR: 47%
Audric Estime,[TIER 12] OL: 3.0/5 | %RB1: 66%
Dameon Pierce,[TIER 13] OL: 4.0/5 | %RB1: 67%
Shedeur Sanders,[TIER 8] FP: 41.1pts (VORP: -153.2) | OL: 2.0/5 | 2-WR: 47%
Jalen Reagor,[TIER 14] OL: 2.5/5
Roschon Johnson,[TIER 13] OL: 4.0/5 | %RB1: 63%
Hunter Luepke,[TIER 13] OL: 4.0/5 | %RB1: 67%
Dylan Laube,[TIER 13] OL: 2.5/5 | %RB1: 70%
Jeremy McNichols,[TIER 13] OL: 2.0/5 | %RB1: 65%
Jam Miller,[TIER 13] OL: 3.0/5 | %RB1: 60% | Screen #4
Jarquez Hunter,[TIER 12] OL: 4.5/5 | %RB1: 76%
Kareem Hunt,[TIER 12] %RB1: 50%
Terrell Jennings,[TIER 13] %RB1: 50%
Devin Neal,[TIER 12] OL: 3.0/5 | %RB1: 66%
J'Mari Taylor,[TIER 13] OL: 4.0/5 | %RB1: 62% | Screen #1
Michael Burton,[TIER 14] OL: 2.0/5 | %RB1: 58% | 2-WR: 47%
Eli Heidenreich,[TIER 13] OL: 3.5/5 | %RB1: 69%
Khalil Herbert,[TIER 14] OL: 4.0/5 | %RB1: 77% | 2-WR: 48%
Isaac Guerendo,[TIER 12] OL: 4.0/5 | %RB1: 77% | 2-WR: 48%
Rasheen Ali,[TIER 13] OL: 3.0/5 | %RB1: 63% | 2-WR: 60%
Jerome Ford,[TIER 12] OL: 2.0/5 | %RB1: 65%
Jameis Winston,[TIER 8] FP: 40.3pts (VORP: -162.4) | OL: 3.0/5
Antonio Gibson,[TIER 14] %RB1: 50%
J.J. McCarthy,[TIER 8] FP: 47.5pts (VORP: -162.6) | OL: 4.0/5
Alec Ingold,[TIER 14] OL: 3.0/5 | %RB1: 66%
Phil Mafah,[TIER 13] OL: 4.0/5 | %RB1: 67%
Tyler Goodson,[TIER 13] OL: 4.0/5 | %RB1: 59% | 2-WR: 54% | Screen #3
Roman Hemby,[TIER 13] OL: 2.5/5 | %RB1: 70%
Marcus Mariota,[TIER 8] FP: 36.2pts (VORP: -165.0) | OL: 2.0/5
Joe Mixon,[TIER 13] %RB1: 50%
Carson Beck,[TIER 8] FP: 37.9pts (VORP: -166.4) | OL: 3.0/5
Adam Prentice,[TIER 14] OL: 5.0/5 | %RB1: 56% | Screen #2
Travis Homer,[TIER 14] OL: 3.5/5 | %RB1: 69%
Justin Fields,[TIER 8] FP: 34.6pts (VORP: -168.3) | OL: 3.0/5
Ronnie Rivers,[TIER 13] OL: 4.5/5 | %RB1: 76%
Nathan Carter,[TIER 14] OL: 4.0/5 | %RB1: 59% | 2-WR: 54% | Screen #3
Max Bredeson,[TIER 14] OL: 4.0/5 | %RB1: 69% | Screen #5
Kaleb Johnson,[TIER 12] OL: 3.5/5 | %RB1: 69%
Patrick Ricard,[TIER 14] OL: 3.0/5 | %RB1: 56%
Reggie Gilliam,[TIER 14] OL: 3.0/5 | %RB1: 60% | Screen #4
Robert Henry Jr.,[TIER 13] OL: 2.0/5 | %RB1: 65%
Mac Jones,[TIER 8] FP: 31.9pts (VORP: -170.3) | OL: 4.0/5 | 2-WR: 48%
Tyson Bagent,[TIER 9] FP: 33.3pts (VORP: -170.4) | OL: 4.0/5
Joe Milton III,[TIER 9] FP: 32.5pts (VORP: -171.8) | OL: 4.0/5
Ty Simpson,[TIER 8] OL: 4.5/5
Bam Knight,[TIER 12] OL: 3.0/5 | %RB1: 60%
Jacob Saylors,[TIER 14] OL: 3.5/5 | %RB1: 62%
British Brooks,[TIER 14] OL: 3.0/5 | %RB1: 52%
Joe Flacco,[TIER 8] OL: 3.0/5
Tyrod Taylor,[TIER 9] OL: 2.0/5
Anthony Richardson Sr.,[TIER 8] OL: 4.5/5
Gardner Minshew II,[TIER 9] OL: 3.0/5
Riley Leonard,[TIER 9] OL: 4.5/5
Jake Browning,[TIER 10] OL: 4.0/5
Cade Klubnik,[TIER 8] OL: 3.0/5
Drew Allar,[TIER 10] OL: 3.5/5
